name,address,rating
La Mère Brazier - Mathieu Viannay,"12, rue Royale 69001 Lyon","9,5"
L'Antigny,"15, rue du Chariot d'Or 69004 Lyon","9,2"
Thai Harmonie,149 Rue Cuvier 69006 Lyon,"8,9"
La Tablature,"12, rue Béchevelin 69007 Lyon","8,9"
Le Bistrot du 6ème,22 Rue Cuvier 69006 Lyon,"8,9"
Le Petit Carron,48 avenue Felix Faure 69003 Lyon,9
Chez Eux,"180, rue de Créqui 69003 Lyon","8,9"
Restaurante Milonga,"59, Rue Ney 69006 Lyon",9
Tout le Monde à Table,1 Rue du 24 Mars 1852 69009 Lyon,"8,9"
Le Marélie,85 Rue Moncey 69003 Lyon,"9,1"
Carré Saône,"9, rue de la Quarantaine 69005 Lyon","8,8"
O Jardin,"56, rue Saint-Pierre de Vaise 69009 Lyon","8,7"
Au Château d'If,127 rue de Gerland 69007 Lyon,"8,6"
Le Bistrot Rive Gauche (BRG),"22, quai Charles de Gaulle 69006 Lyon","8,7"
La Table d'Eugène,"18, rue Royale 69001 Lyon","8,9"
Les Loges - Anthony Bonnet,"6, rue du Bœuf 69005 Lyon","9,5"
Le Lounge - Warwick Reine Astrid,"24, boulevard des Belges 69006 Lyon","8,8"
Au Temps Perdu,"2, rue des Fantasques 69001 Lyon",9
Matsuri Lyon Presqu'île,7 rue de la Fromagerie 69001 Lyon,"8,8"
Le Caro de Lyon,"25, rue du Bât d’Argent 69001 Lyon","8,7"
L'Atelier Côté Rhône,1 rue de la Victoire 69003 Lyon,"9,2"
Au 14 Février Vieux Lyon,"6, rue Mourguet 69005 Lyon","9,5"
Mika Sushi,"155, rue Cuvier 69006 Lyon","8,8"
Le Pain de Sucre,"82, rue Masséna 69006 Lyon","8,9"
Cuisine et Dépendances Acte 2 - Fabrice Bonnot,"68, rue de la Charité 69002 Lyon","9,2"
Les Gratinés,226 Rue Duguesclin 69003 Lyon,"8,8"
Le Basilik,9 rue du Pierre Marion 69005 Lyon,"8,8"
Coeur du Pitre,"27, rue de Saint-Cyr 69009 Lyon","8,8"
Le Petit Carré,"72, rue Saint-Georges 69005 Lyon",9
L'Episens,8 Rue Palais Grillet 69002 Lyon,9
La Cuisine de Lindouce,"5, rue des 3 Pierres 69007 Lyon","5,3"
Mont Fuji,17 Rue Sully 69006 Lyon,"8,7"
Brasserie Le Saxe,101 Avenue Maréchal de Saxe 69003 Lyon,"9,5"
Miko Sushi,"140, avenue Félix Faure 69003 Lyon","9,2"
Victoria Hall,"33, rue du Repos 69007 Lyon","9,3"
Têtedoie - Christian Têtedoie,Montée du Chemin Neuf 69005 Lyon,"8,6"
Espace Brasserie,"26, place Bellecour 69002 Lyon","8,8"
Toute une Histoire,"4, rue du Petit David 69002 Lyon","8,5"
La Cannelle,"103, quai Pierre Scize 69005 Lyon",9
Royal Indien,"14, rue Lainerie 69005 Lyon","8,4"
Le Cintra,"43, rue de la Bourse 69002 Lyon","8,8"
Le Théodore,"34, cours Franklin Roosevelt 69006 Lyon","8,9"
Le Karachi,"206, rue Garibaldi 69003 Lyon","8,9"
Les Demoiselles de Rochefort,"31, rue René Leynaud 69001 Lyon","8,6"
Au P'tit Zinc,"56, quai Pierre Scize 69005 Lyon","8,6"
Le Shalimar,"39, quai Docteur Gailleton 69002 Lyon","8,2"
Bistro Pizay,"4, rue Verdi 69001 Lyon","8,6"
Brasserie Midi Minuit,"83, cours Charlemagne 69002 Lyon","8,6"
Le Bistrot du Théâtre,38 Rue de Bourgogne 69009 Lyon,"9,4"
Les Trois Dômes - Christian Lherm,"20, quai Gailleton 69002 Lyon","9,1"
Matsuri Lyon Vaise,60 rue de Saint-Cyr 69009 Lyon,"8,6"
Au Resto',11 Montée Saint-Sébastien 69001 Lyon,"9,1"
My Soirée,"13, Rue Cuvier 69006 Lyon","8,6"
Les Filaos,"1, place Fernand Rey 69001 Lyon","8,8"
Campanile Lyon Part-Dieu,"31, rue Maurice Flandin 69003 Lyon","8,4"
Jardin du Bambou,"225, rue de Créqui 69003 Lyon","8,4"
L'Esprit Bistrot Garibaldi,"79, rue Garibaldi 69006 Lyon","8,8"
Puerto Argentino,"20, rue de la Rize 69003 Lyon",9
Brasserie Le Central,"177, avenue Thiers 69006 Lyon","8,4"
Yamato,"35, rue Sergent Michel Berthet 69009 Lyon","8,5"
Le Pailleron,"9, rue Pailleron 69004 Lyon","9,1"
Momento Sapori e Vini,"4, rue de Fleurieu 69002 Lyon","9,1"
Flair...Gourmandise & Connivence,"84, rue de la Charité 69002 Lyon","9,2"
Le Comptoir d'Ainay,"41, rue Auguste Comte 69002 Lyon","8,8"
Edo,"9 Rue Sainte-Catherine, lyon 69001 Lyon","8,2"
Matsuri Lyon Part-Dieu,"109, cours lafayette 69006 Lyon","8,5"
Lal Qila	,"4, place Saint-Paul			
 69005 Lyon","8,7"
La Maïoun,15 Rue de Bonald 69007 Lyon,"9,3"
Burger & Wine,"14, quai Antoine Riboud 69002 Lyon","8,3"
Le Plato,"1, rue Villeneuve 69004 Lyon","8,9"
Restaurant Vatel Lyon,8 Rue Duhamel 69002 Lyon,"9,2"
Le Café Français,"3, place Anthonin Poncet 69002 Lyon","8,4"
Happy Times,"3, Rue Verdi 69001 Lyon","8,1"
Le Frenchie's,100 Rue Duguesclin 69006 Lyon,"9,1"
ÉMÉSE,28 Rue Notre Dame 69006 Lyon,"8,9"
L'Esprit Bistrot Vaise,"53, rue Saint-Pierre de Vaise 69009 Lyon","8,4"
La Cocagne,"7, rue Aimé Collomb 69003 Lyon",8
La Maison Marie,"5, rue Tupin 69002 Lyon","9,1"
Chee Is Thai,"23, rue du Bas d'Argent 69001 Lyon","8,8"
Brasserie Élite,"20, place Carnot 69002 Lyon","8,2"
L'Opéra-bouffe,2 bis rue Giuseppe Verdi 69001 Lyon,"8,9"
La Table de Suzanne,"22, rue des Remparts d'Ainay 69002 Lyon","8,8"
Le Boeuf d'Argent,29 Rue du Bœuf 69005 Lyon,"9,3"
L'Étage,"4, place des Terreaux 69001 Lyon","9,3"
L'Adresse,"41, quai Pierre Scize 69009 Lyon",8
Yamato,"72, boulevard des Brotteaux 69006 Lyon","8,4"
Conakry,"112, Grande Rue de la Guillotiere 69007 Lyon","8,1"
Les Pampres Rouges,"4, place Neuve Saint-Jean 69005 Lyon","7,7"
A La Traboule,"3, place du Gouvernement 69005 Lyon","7,9"
Le bistrot des 4 Chapeaux,14 Rue des Quatre Chapeaux 69002 Lyon,"9,2"
Côté Berthelot,"200, avenue Berthelot 69007 Lyon","8,3"
Brasserie de la Bourse du Travail,"69, rue Moncey 69003 Lyon","8,4"
La Gamelle de Montchat,29 Cours Richard Vitton 69003 Lyon,9
Burgundy Lounge,"24, quai Saint-Antoine 69002 Lyon","9,4"
Pierre Orsi,"3, place Kléber
 69006 Lyon","9,1"
Le Petit Persan,"8, rue Longue 69001 Lyon","9,1"
Le Garage,"67, avenue du Maréchal de Saxe 69003 Lyon","8,6"
Midi Minuit République,"10 Rue de la République, Lyon, France 69001 Lyon","8,2"
Casa Lola,5 Rue Pizay 69001 Lyon,"8,8"
Le Bouche à Oreille,"9, rue Claudia 69002 Lyon","8,5"
Restaurant Pourquoi Pas,"71, rue Pierre Corneille 69006 Lyon","8,3"
Yoshi,5 Rue Dumenge 69004 Lyon,"8,3"
Restaurant de Fourvière,"9, place de Fourvière 69005 Lyon","8,3"
Le Saint Vincent,"6, place Fernand Rey 69001 Lyon","8,3"
Edomae Sushi,"116, rue Paul Bert 69003 Lyon","8,3"
Un Moment à Part,"40, rue de la charité 69002 Lyon","8,2"
L'Attrape-Coeurs,"10, rue Burdeau 69001 Lyon","8,4"
Le Bistrot du Potager #2,163 Boulevard de Stalingrad 69006 Lyon,"9,1"
Le Bouchon des Cordeliers,"15, rue Claudia 69002 Lyon",9
Quirinale,"6, rue Bossuet 69006 Lyon","8,7"
Café Épicerie - Hôtel Cour des Loges,"2-8, rue du Boeuf 69005 Lyon","8,6"
L'Epicerie Comptoir - Vaise,"39, rue des Docks 69009 Lyon","9,1"
Naruto Sushi,"37, rue Marietton 69009 Lyon","8,3"
Un Sushi,"117, rue Servient 69003 Lyon","8,2"
Do Mo Restaurant,"45, quai Rambaud 69002 Lyon","8,4"
La Crêperie du Major,"12, rue Major Martin 69001 Lyon","9,1"
L'Atelier du Pizzaiolo,"5, quai Antoine Riboud 69002 Lyon","8,9"
Le Cazenove,"75, rue Boileau 69006 Lyon","9,4"
Jour de Marché,"14, rue Molière 69006 Lyon",9
Brasserie Le Nord,"18, rue Neuve 69002 Lyon","8,9"
Intermezzo,"1, quai Antoine Riboud 69002 Lyon","8,8"
Crêperie Praline et Fleur de Sel,"95, rue de Gerland 69007 Lyon","8,6"
Meiji Era,"13, rue Thomassin 69002 Lyon","8,2"
Burger & Wine Martinière,"27 Rue de la Martinière, Lyon, France 69001 Lyon","7,9"
Domeva Caffé,"24 - 26, rue de Bourgogne 69009 Lyon","8,8"
Soleil Levant,"204, rue Garibaldi 69003 Lyon","8,4"
Lem Sushi,"3, place des Cordeliers 69002 Lyon","8,5"
Steak & Co,"67 bis, cours Vitton 69006 Lyon","8,2"
Au Vilain Petit Canard,"41, rue Franklin 69002 Lyon","8,6"
Etcheberry,20 Rue Palais Grillet 69002 Lyon,"8,4"
Entr'acte,"46, rue Ferrandière 69002 Lyon","8,8"
Brasserie Debourg,"29, avenue Debourg 69007 Lyon","8,3"
Délices et Sens,"19, rue Gentil 69002 Lyon","8,5"
Aromo,15 Rue Montesquieu 69007 Lyon,"9,3"
Le Bistrot de Montchat,"72, cours Docteur Long 69003 Lyon",9
Saveur d'Orient,46 Cours Charlemagne 69002 Lyon,9
L'Allegria Tre,21 Rue du Bât-d'Argent 69001 Lyon,"8,1"
Place des Sens,"5, place Edgar Quinet 69006 Lyon",9
Grand Café de la Préfecture,"10, rue Servient 69003 Lyon","8,5"
Prairial,11 Rue Chavanne 69001 Lyon,"9,1"
Eat Sushi,"27, quai Jean Moulin 69002 Lyon","8,4"
Le Potager des Halles,"3, rue de la Martinière 69001 Lyon","8,8"
Cabaret L'Âne Rouge - Dîner Spectacle,"11, rue Juiverie 69005 Lyon","8,9"
Arsenic,"132, rue Pierre Corneille 69003 Lyon","9,1"
Appart'68 - Fabrice BONNOT,"68, rue de la Charité 69002 Lyon","8,2"
Tutti Quanti,"52, avenue Félix Faure 69003 Lyon","8,8"
La Favorite,"16, rue de la Favorite 69005 Lyon","8,8"
La Cantine du Palais,"158, rue de Crèqui 69003 Lyon","9,1"
Le Café de la Mairie,"44, quai Pierre Scize 69009 Lyon","8,9"
Sambahia,"13, rue du Doyenné 69005 Lyon","8,7"
Cantabria,"32 Rue du Bourbonnais, Lyon, France 69009 Lyon","8,9"
Le Ras Le Bol,"67, place Voltaire 69003 Lyon","8,5"
L'Etincelle,"13, rue Hippolyte Flandrin 69001 Lyon","8,1"
La Grillardière,"4, rue Lainerie 69005 Lyon","8,6"
Le Tire Bouchon,16 Rue du Bœuf 69005 Lyon,"8,8"
La Trattoria de Saint-Jean,"31, rue Saint-Jean 69005 Lyon","8,1"
Second Souffle,"5, rue Neuve 69001 Lyon","9,2"
Le Café du Jura,"25, rue Tupin 69002 Lyon",9
Le Comptoir des Canuts,"9, rue Dumont d'Urville 69004 Lyon","8,5"
Monplaisir Côte Cour,"64, avenue des Frères Lumières 69008 Lyon","8,7"
Pléthore et Balthazar,"72, rue Mercière 69002 Lyon","8,6"
La Régate,"88, cours Vitton 69006 Lyon",9
Carré Royal,"16 Rue Royale, Lyon, France 69001 Lyon","9,1"
IBIZA Café Restaurant,"21, Rue Pouteau 69001 Lyon","7,3"
L'Accord Parfait,49 rue de la Charité 69002 Lyon,8
Maître Boeuf,"6, place de la Baleine 69005 Lyon","8,4"
Cocoo Thaï,7 Rue Neuve 69001 Lyon,8
Tokyo,"26, rue Servient 69003 Lyon","8,3"
L'Italiano Vero,96 Route de Genas 69003 Lyon,"8,5"
La Petite Auberge,"2, place Eugène Wernert 69005 Lyon","8,7"
Le Bouchon Sully,20 Rue Sully 69006 Lyon,"8,9"
Une Affaire de Goût,25 Rue de Sèze 69006 Lyon,"8,9"
SidOlivier,"68, rue de Gerland 69007 Lyon","8,3"
Brasserie Léon de Lyon,"1, rue Pléney, angle 4 Rue du Plâtre 69001 Lyon","8,8"
A Ma Vigne,"23 Rue Jean Larrive, Lyon, France 69003 Lyon","9,3"
La Lambretta,"74, rue de Marseille 69007 Lyon","8,9"
Buenos Aires,"12 Rue Neuve, Lyon, France 69002 Lyon","9,2"
Les Fils à Maman,"25, rue de l'Arbre Sec 69001 Lyon",9
Ksar,"4 Rue Grobon, Lyon, France 69001 Lyon","8,4"
A Nous les Caprices,"50, rue Franklin 69002 Lyon","8,9"
Le Gabion,13 boulevard Eugène Deruelle 69003 Lyon,"8,6"
Le Petit Saint Petersbourg,"49, rue Garibaldi 69006 Lyon","7,9"
Café Chenavard,"20 Rue Paul Chenavard, 69001 Lyon, France 69001 Lyon","8,6"
Le Restaurant des Îles,"4, place Carnot 69002 Lyon","8,5"
Jérémy Galvan Restaurant,"29, rue du Boeuf 69005 Lyon","9,4"
L'Assiette du Parc,"53, rue Duquesne 69006 Lyon",9
Moody's Dinner Club,28 Rue René Leynaud 69001 Lyon,"8,6"
Brasserie L'Ouest,"1, quai du Commerce 69009 Lyon","8,4"
Bistrot Jul,"2, quai de Bondy 69005 Lyon","8,9"
La Bonâme de Bruno,"5, grande rue des Feuillants 69001 Lyon","8,6"
Mama Shelter Lyon,"13, rue Domer 69007 Lyon","8,6"
Argenson,"40, Allée Pierre de Coubertin 69007 Lyon","8,6"
Silk Brasserie - Hôtel Sofitel,"20, quai Gailleton 69002 Lyon","8,9"
Le Buron de Lyon,"16, rue Fenelon 69006 Lyon","8,6"
Le Monde d'Angkor,"27, Quai Jayr, Lyon, France 69009 Lyon",9
Épicerie,"24, cours Albert Thomas 69008 Lyon","8,7"
Koubalibre,4 Rue du Palais de Justice 69005 Lyon,"8,8"
Gamelle et Timbale,133 Rue Baraban 69003 Lyon,"8,2"
36 Le Cosy,"36, rue du Mail 69004 Lyon","9,1"
Le 21 sur Vin,"21, boulevard Eugène Deruelle 69003 Lyon","8,9"
Zucca,70 Quai Charles de Gaulle 69006 Lyon,"8,7"
Chez Grand-Mère,"11, rue du Boeuf 69005 Lyon","8,5"
Auberge de l'Ile,7 Rue des Villas 69009 Lyon,"8,6"
Pop Pot,113 Rue Tête d'Or 69006 Lyon,"8,9"
André Melkonyan			,"62, cours Vitton			
 69006 Lyon","8,5"
La Tassée - Romain Borgeot,"20, rue de la Charité 69002 Lyon","8,7"
Fiston,44 Rue Mercière 69002 Lyon,"8,9"
Les Fines Gueules,"16, rue de la Lainerie 69005 Lyon","7,6"
La Quintessence,31 Rue du Bât d&#39;Argent 69001 Lyon,"8,8"
La Chimère,"14, rue du boeuf 69005 Lyon","8,6"
Brasserie Espace Carnot,"4, place Carnot 69002 Lyon","8,6"
Bistrot La Varenne,5 Place Gailleton 69002 Lyon,"8,7"
Fée Maison,"6, grande rue de Saint-Rambert 69009 Lyon","8,9"
L'Alexandrin - Laurent Rigal,83 Rue Moncey 69003 Lyon,9
Ludovic B,"90, rue Massena 69006 Lyon","8,3"
Les Culottes Longues,"42, rue Sala 69002 Lyon","8,4"
Tandoor and Wok,"18 Rue Clément Marot, Lyon, France 69007 Lyon","8,9"
Gang Nam,"6, rue Thomassin 69002 Lyon","8,6"
L'institution,24 Rue de la République 69002 Lyon,"8,5"
La Mangue Amère,"7, rue du Jardin des Plantes 69001 Lyon","9,1"
Les Bonnes Manières,104 Grande Rue de la Guillotière 69007 Lyon,"8,8"
L'Etoile d'Orient,"31, rue des Remparts d'Ainay 69002 Lyon","8,7"
Jols Lyon,"283, avenue Jean Jaurès 69007 Lyon","8,1"
Fabrice Moya,"97, rue de Vienne 69008 Lyon","8,9"
La Meunière,"11, rue Neuve 69001 Lyon","9,1"
Aux Trois Maries,"1, rue des Trois Maries 69005 Lyon","8,8"
AOC Hôtel Dieu,28 Rue Louis Paufique 69002 Lyon,7
Bistrot Le Charité,37 Rue de la Charité 69002 Lyon,"8,5"
Elie Henry et Fils,21 Rue Jean Larrive 69003 Lyon,"9,1"
Monogatari,14 Rue Royale 69001 Lyon,"7,8"
La Vallée des Rois - Grand Casino de Lyon,70 Quai Charles de Gaulle 69006 Lyon,8
Bouchon Thomas,3 rue Laurencin 69002 Lyon,"8,6"
Le Jardin des Dombes,"4, rue des Nuits 69004 Lyon","6,3"
Melle Simone,26 Cours de Verdun Perrache 69002 Lyon,9
VCB Viens Chercher Bonheur,119 Route de Vienne 69008 Lyon,"8,5"
Le Passage - Frédéric Cordier,"8, rue du Plâtre 69001 Lyon","8,8"
Le Garde Manger Bistro Resto Apero,"9, rue Denuziere 69002 Lyon","8,8"
Les Terrasses de Lyon - David Delsart,"25, montée Saint-Barthélemy 69005 Lyon",9
Le Comptoir Brunet,23 Rue Claudia 69002 Lyon,"8,4"
L'inaTTendu,95 Rue Bossuet 69006 Lyon,"8,2"
La Muse en Bouche,"97, rue de Gerland 69007 Lyon","8,3"
La Table 101,101 Rue Moncey 69003 Lyon,"8,5"
Bistrot Gustave,"9 Rue des Marronniers, Lyon, France 69002 Lyon","8,6"
Le Splendid,"3, place Jules Ferry 69006 Lyon","8,4"
Le Quai 9,"46, quai Jayr 69009 Lyon","8,3"
Fubuki,"17, rue Gentil 69002 Lyon","8,4"
Brasserie L'Est,"14, Place Jules Ferry 69006 Lyon","9,1"
L'Endroit Lyon Vaise,"14-16, rue de la Navigation 69009 Lyon","8,9"
Le St Trop,"5, quai Riboud 69002 Lyon","8,7"
L'Esprit Bistrot Monplaisir,"13, rue Berchet 69008 Lyon","9,2"
L'Épicerie Comptoir - Les Halles,"40, rue Dunoir 69003 Lyon","8,5"
L'Entracte Bar Restaurant,"123, rue André Bollier 69007 Lyon","6,7"
Bateau Bellona,Pied du Pont Pasteur - Rive Droite du Rhône 69002 Lyon,"8,6"
Djemi's Café,"7 Quai des Célestins, Lyon, France 69002 Lyon","8,3"
Les Terrasses du Valdo,"146 bis, rue Pierre Valdo 69005 Lyon","8,5"
Café du Gros Caillou,180 Boulevard de la Croix-Rousse 69001 Lyon,"9,1"
Rani Raja,3 Rue Soufflot 69005 Lyon,"8,7"
Les Petits Siamois,"16, rue du Palais Grillet 69002 Lyon","8,6"
Le Vin Gourmand,"50, rue de la Villette 69003 Lyon","8,2"
Le 71,71 Rue Masséna 69006 Lyon,"8,1"
La Terrasse de l'Antiquaille,Montée du chemin neuf 69005 Lyon,"8,9"
La Maison,4 Rue Jonas Salk 69007 Lyon,"8,6"
"Café des Artisans, Le Bouchon de Muriel",116 rue du Dauphiné 69003 Lyon,"7,5"
Brasserie Marius,"39, boulevard Marius Vivier Merle 69003 Lyon","7,4"
Le Bistrot d'Abel,47 Rue de la Bourse 69002 Lyon,"8,9"
Sawadee,175 Avenue Jean Jaurès 69007 Lyon,"7,3"
Le Bistrot d'Arno,"3, rue Bugeaud 69006 Lyon","8,7"
La Nonna,"29, rue Ney 69006 Lyon","7,8"
Dine Dong,"89, rue Bossuet 69006 Lyon","8,5"
Grand Café des Négociants,"1, place Francisque Régaud 69002 Lyon","8,2"
Le Penjab,"25bis, quai Romain Rolland 69005 Lyon","8,5"
Éléphant,"53, rue Ney 69006 Lyon","8,4"
La Tête de Lard,"13, rue Désirée 69001 Lyon","8,8"
Le Tandem,"81, rue Louis Blanc 69006 Lyon","8,9"
La Belle Assiette - Chef à Domicile,41 Rue Saint-Jean 69005 Lyon,"9,1"
Pasta Bella,"172, cours Lafayette 69003 Lyon","7,9"
Home Sushi,"69, rue Marietton 69009 Lyon","8,5"
Yzumi,"71, rue Ney 69006 Lyon","8,2"
Brasserie Lyon Plage - Hôtel Lyon Métropole,"85, quai Joseph Gillet 69004 Lyon","7,5"
Les Tables Claudiennes,"41, rue des Tables Claudiennes 69001 Lyon","7,8"
Namaskar,112 Cours Charlemagne 69002 Lyon,"8,3"
Vas-y Vas-y,"10, rue des Verriers 69007 Lyon","8,9"
Le Centre by Georges,"14, rue Grolée 69002 Lyon","8,6"
Côté Part Dieu,"105, rue de la Part Dieu 69003 Lyon","8,4"
Le Baronn,"2, rue des 3 Maries 69005 Lyon","8,3"
Layali Beyrouth,"38, rue du Dauphiné 69003 Lyon","8,8"
L'Épicerie Comptoir - Les Brotteaux,"192, rue Cuvier 69006 Lyon","8,2"
Bellaggio Grill,20 Rue du Dauphiné 69003 Lyon,"7,8"
Le Phénicien,81 Rue Masséna 69006 Lyon,"9,1"
Le castel café,"35, rue Pierre Corneille 69006 Lyon","8,9"
Sushi & Sushis,47 Rue de Gerland 69007 Lyon,"8,7"
Le Mondrian,1 Quai Claude Bernard 69007 Lyon,"9,2"
Le Comptoir Duquesne,24 Rue Duquesne 69006 Lyon,9
Freshour,"61 Rue Denuzière, Lyon, France 69002 Lyon","8,5"
Le PAP : Papoter Autour d'un Plat,25 Rue Delandine 69002 Lyon,"8,5"
OKSUSHI,"61, rue de seze 69006 Lyon","9,4"
Café Perché,112 Cours Charlemagne 69002 Lyon,"8,8"
Bulgogi,74 cours Vitton 69006 Lyon,"7,5"
Papagayo,"87, quai Pierre Scize 69005 Lyon",
Hua Yuan Xuan,20 Rue Mulet 69001 Lyon,
N'Café Novotel Lyon Part Dieu,47 Boulevard Marius Vivier Merle 69003 Lyon,"8,1"
Le Jaboulay,"82 Rue Jaboulay, Lyon, France 69007 Lyon","8,4"
Le Layon,"52, rue Merciere 69003 Lyon","8,4"
Le Verdi,13 Boulevard des Brotteaux 69006 Lyon,"8,5"
Le Comptoir de l'Atelier,49 Rue Mercière 69002 Lyon,"8,7"
KOS-I,"4, rue Jean Marcuit 69009 Lyon","7,3"
Monna Lisa,44 Cours Charlemagne 69002 Lyon,"8,5"
Taste and See,50 rue Pasteur 69007 Lyon,8
Brasserie Le Dandy,45 Rue de la Bourse 69002 Lyon,"8,5"
La Mama S&I,33 Cours d&#39;Herbouville 69004 Lyon,8
Le Scorsese,"71, rue Pierre Corneille 69006 Lyon","6,9"
Le Bistrot Bonnel,66 Rue de Bonnel 69003 Lyon,"8,5"
"Le Bon, le Boeuf et le Truand","8, rue Juiverie 69005 Lyon","8,4"
Indochine,"51, rue Denuzière 69002 Lyon","8,9"
Le Comptoir de la Confluence,"41, rue Smith 69002 Lyon","7,4"
Café Saint-Amour,77 Rue Villeroy 69003 Lyon,"9,1"
Panijo,"35, rue de l'Université 69007 Lyon","8,9"
Le Tono,"17, rue Claudia 69002 Lyon","8,7"
Le Bistrouille,Place Saint-Paul 69005 Lyon,"9,2"
Nambo,16 Quai de Bondy 69005 Lyon,9
L'Origo,"2 rue Célu, 69004 Lyon, France 69004 Lyon","8,5"
Bar Lounge le 12.2,12 Cours de Verdun Rambaud 69002 Lyon,"8,5"
Grain de Sel,33 Rue du Sergent Michel Berthet 69009 Lyon,"9,4"
Le Phosphore,Montée du Chemin Neuf 69005 Lyon,"8,8"
Gochi Perrache,"11, rue Général Plessier 69002 Lyon","7,5"
DOCKER RESTAURANT,"16, quai du Commerce 69009 Lyon",8
Le Cinématographe,69 Cours Albert Thomas 69003 Lyon,"6,8"
Marguerite Restaurant,"57, Avenue des Frères Lumière 69008 Lyon","7,9"
C'est Tout Bon,"3, rue Sala 69002 Lyon","7,4"
Comptoir JOA,"44, quai Charles de Gaulle 69006 Lyon","8,2"
L'Entracte,69 Cours Albert Thomas 69003 Lyon,"7,8"
L'un des Sens,24 Rue Palais Grillet 69002 Lyon,"8,4"
Café des Anges,"81, rue Vauban 69006 Lyon","8,4"
Le Pompeï,275 cours Lafayette 69006 Lyon,"8,2"
L'Épicerie Comptoir - Croix Rousse,"3, place Bertone 69004 Lyon","8,3"
Thaï Demoiselle,12 Quai Victor Augagneur 69003 Lyon,"8,1"
Le Palais de Saint Jean,"40, rue Saint Jean 69005 Lyon",8
Grand Café Lyonnais,"4, rue de la Barre 69002 Lyon","5,3"
Le Marmito,"25, rue Masséna 69006 Lyon","8,8"
Le Panier du Chef,"1, place Neuve Saint-Jean 69005 Lyon","8,8"
Engimono,8 rue Servient 69003 Lyon,"7,3"
Bleu Soleil,"52, rue Étienne Richerand 69003 Lyon","8,5"
Asian Hall,90 cours Lafayette 69003 Lyon,"6,6"
Brasserie Le Sud,"11, Place Antonin-Poncet 69002 Lyon","8,3"
Tendance d'Europe,"10, place de L'Europe 69006 Lyon","9,8"
Kan Food,"249, rue Paul Bert 69003 Lyon","7,1"
Italia e Sapore,"88, rue Vendôme 69006 Lyon","8,3"
L'endroit Cité,"62, quai Charles de Gaulle 69006 Lyon","8,5"
Le Sathonay,"34, rue Sergent Blandan 69001 Lyon","9,1"
Le Petit Dauphin,"38, rue Notre Dame 69006 Lyon","8,9"
La Patrie,58 avenue Maréchal de Saxe 69003 Lyon,"7,9"
Les Terrasses - Hôtel La Tour Rose,"22, rue du Boeuf 69005 Lyon","8,1"
Baryton,"30, rue de l'Arbre Sec 69001 Lyon",8
Le Preskil,"4, rue Confort 69002 Lyon","7,5"
Le Jardin Gourmand,"15, rue Pouteau 69001 Lyon","8,2"
Aux Petits Oignons,"45, rue de Sèze			
 69006 Lyon","7,9"
All 54,"Hôtel Ibis Styles - 54, rue de la Villette 69003 Lyon","8,1"
Au Grand Méchant Loup,12 Rue Palais Grillet 69002 Lyon,"8,3"
Pepperoni,"78, rue Vendôme 69006 Lyon","8,8"
L'Alhambra,"73, rue de Sèze 69006 Lyon","7,3"
Le Napolitain,69 Rue Ney 69006 Lyon,"8,9"
L'Endroit Confluence,"9b, quai Antoine Riboud 69002 Lyon","8,2"
Wanthita Thaï Street Food,"124 Cours Lafayette, Lyon, France 69003 Lyon",8
Le Poklin,"60, rue Molière 69003 Lyon","7,9"
Pekin Express,"114 Rue Paul Bert, Lyon, France 69003 Lyon","8,5"
Le SelCius,"43, quai Rambaud 69002 Lyon","8,4"
La Hugonnière,"13, rue Neuve 69001 Lyon","9,3"
AOC Les Halles,"Halles Paul Bocuse, 102 cours Lafayette 69003 Lyon","8,6"
Le MoMa,"8, rue Chavanne 69001 Lyon","7,7"
Le Jardin Intérieur,"1, rue Justin Godart 69004 Lyon","7,7"
Peniche Loupika,"47, quai rambaud 69002 Lyon","9,1"
Le Bistrot de Lyon,"64, rue Mercière - Angle rue de la Monnaie 69002 Lyon","8,9"
Restaurant Thomas,"6, rue Laurencin 69002 Lyon","8,7"
Le Vivarais,1 Place Gailleton 69002 Lyon,"9,2"
Toki Sushi,"14, rue du Mail 69004 Lyon",9
Sakura,"251 bis, rue Marcel Merieux 69007 Lyon","7,6"
Aux Saveurs,"74, rue des Docks 69009 Lyon","8,2"
Vert Tige,"10, rue Danton 69003 Lyon","8,2"
L'absteme,"111, rue Sébastien Gryphe 69007 Lyon","8,2"
Tiger Wok Lyon,"8, rue Challemel Lacour 69007 Lyon","7,2"
Lug's,"59, boulevard des Brotteaux 69006 Lyon","7,9"
Régal Crêpes Plus,39 Rue de la Bourse 69002 Lyon,"8,3"
Hakata Ramen,"8, rue du Garet 69001 Lyon","8,8"
Chez Augusto,"6, rue Neuve 69002 Lyon","8,4"
Pola Café,"Passage Thiaffait - 19, rue René Leynaud 69001 Lyon","8,2"
La Coquette,"9, place Tabareau 69004 Lyon","7,5"
L'Arc-en-Ciel - Hôtel Radisson Blu,"129, rue Servient 69003 Lyon","8,3"
La Squadra,"19, rue Voltaire 69003 Lyon","8,2"
Restaurant La Tour Rose,"22, rue du Boeuf 69005 Lyon","7,8"
Café de la Crèche,"3, rue Aimé Boussange 69004 Lyon","8,2"
"L'Émir, aux Mille et Une Nuits","44, quai Saint Vincent 69001 Lyon","7,5"
Le Boudoir,"13, place Jules Ferry 69006 Lyon","7,5"
Alter Ego,"42, rue Franklin 69002 Lyon","8,6"
Le Comptoir du Narval,"70, avenue du Point du Jour 69005 Lyon",7
Due by Maurizio,"8, rue Jouffroy d'Abbans 69009 Lyon","9,1"
Villa Bachut,315 Avenue Berthelot 69008 Lyon,"8,9"
"Le Un, Deux, Trois","1 Place Neuve Saint-Jean, Lyon, France 69005 Lyon","8,7"
Le Koodeta,"6, rue Lavoisier 69003 Lyon","9,2"
Flora,"34, rue du Dauphiné 69003 Lyon",9
Gochi Gerland,3 rue Challemel Lacour 69007 Lyon,"8,5"
Le Comptoir du Boeuf,"2, place Neuve Saint-Jean 69005 Lyon","8,3"
Le Quai 31,"31, quai Gailleton 69002 Lyon","8,2"
Gingko,51 avenue Jean Mermoz 69008 Lyon,"8,5"
Le Buldo,"2, quai Raoul Carrié 69009 Lyon",8
Le Polo Club,"9, rue des 4 Châpeaux 69002 Lyon","8,1"
Kohinoor,"116, rue Paul Bert 69003 Lyon","7,8"
Le Moment,"33, rue de Saint Cyr 69009 Lyon","9,4"
Pizzeria Napoli,"45, rue Franklin 69002 Lyon","8,9"
Pain et Cie,"13-15, rue des Quatre Chapeaux 69002 Lyon","8,4"
Le Tibouren,"16, rue Bonald 69007 Lyon",9
La Table,"8, place Tabareau 69004 Lyon","9,1"
La Bodeguita Cubana,"44, rue de Cuire 69003 Lyon",9
23 Restaurant - Caviste Bio,"23, rue René Leynaud 69001 Lyon","9,1"
Imouto,"21, rue Pasteur 69007 Lyon","9,3"
Doshilack,"28, rue Marseille 69007 Lyon","9,4"
L'Acteur,"5, rue Charles Dullin 69002 Lyon","9,1"
Cosy Corner,"1, rue Soufflot 69005 Lyon","8,9"
Diplomatico,"1, quai des Célestins 69002 Lyon","9,3"
Restaurant 33 Cité,"33, quai Charles de Gaulle 69006 Lyon","8,6"
Osteria Valenti,"3, place Commandant Arnaud 69004 Lyon","8,8"
L'Âme Sœur,"209, rue Dugesclin 69003 Lyon","9,1"
L'Eau Salée,"4, rue des 3 Maries 69005 Lyon","8,8"
Chez Roland,"87, boulevard De La Croix Rousse 69004 Lyon","8,4"
Butcher,"30, rue Lanterne 69001 Lyon",9
Monkey Club,"19, place Tolozan 69001 Lyon","8,4"
Le Petit Frère,"76, rue Massena 69006 Lyon","8,6"
Le Bienfait,"6, rue François Dauphin 69002 Lyon","8,7"
Aux Vieux Murs,"20, rue Royale 69001 Lyon",9
Les Saveurs de Py,"8, rue Pailleron 69004 Lyon",9
Chez Hugon,"12, rue Pizay 69001 Lyon","9,2"
Au Petit Bouchon Chez Georges,"8, rue Garet 69001 Lyon","9,1"
L'art et la Manière,"102, grande rue de la Guillotière 69007 Lyon","8,7"
Chez Terra,"81, rue Duguesclin 69006 Lyon",9
L'Auberge Savoyarde,72 Avenue des Freres Lumiere 69008 Lyon,"9,1"
Comme chez Mathilde,"66, rue Saint Jean 69005 Lyon","7,7"
Le Café du Peintre,"50, boulevard des Brotteaux 69006 Lyon","7,8"
Wallace Bar,"2, rue Octavio Mey 69005 Lyon","7,3"
Phnom Pich,"13, rue Passet 69007 Lyon","8,8"
Le Winch,"62, rue Mercière 69002 Lyon","9,1"
Le Béranger,"1, rue Béranger 69006 Lyon","8,9"
Chez les Gones,"102, cours Lafayette 69003 Lyon","8,7"
Il Palio,"2, rue Duhamel 69002 Lyon","9,2"
Chez Léon,"102, cours Lafayette 69003 Lyon",9
Orange à la Cannelle,"20, rue de Bourgogne 69009 Lyon","8,5"
La Brasserie des Croix Roussiens,"8, rue de Cuire 69004 Lyon","8,5"
La Traboulerie,"58, rue Mercière 69002 Lyon","9,4"
Le Montana,"26, rue Jean-Baptiste Say 69004 Lyon","8,8"
Le Riva Café,"23, quai Général Sarrail 69006 Lyon","7,5"
Bernachon,"42, cours Franklin Roosevelt 69006 Lyon",
Ré-Confort,"5, rue Confort 69002 Lyon",
Auberge Rabelais,"39, rue Saint Jean 69005 Lyon","8,9"
Le Cèdre Bleu,"10, quai Romain Rolland 69005 Lyon","9,1"
Détends-Toi,"6, rue du Petit David 69002 Lyon","8,9"
Gumps Corner,"25, place Carnot 69002 Lyon","8,6"
La Chine,"21, rue Condé 69002 Lyon","7,9"
Le Coquemar,"25, montée Cardinal Decourtray 69005 Lyon",9
Via Veneto,"86, cours Vitton 69006 Lyon","9,5"
Spécial Pizza,"42, rue Mercière 69002 Lyon",8
Mamma,"10, rue Pleney 69001 Lyon","8,9"
La Jonque D'Or,"20, rue Pasteur 69007 Lyon","8,6"
Le Bouchon de l'Opéra,"11, rue des Capucins 69001 Lyon","7,1"
Giovany's ristorante,"3, place de la Baleine 69005 Lyon","9,1"
Le Venezia,"237, rue Marcel Mérieux 69007 Lyon","8,8"
Woko,"17, rue du docteur Bouchut 69003 Lyon","8,9"
Café Comptoir du Commerce,"16, quai du Commerce 69009 Lyon","9,1"
Le Petit Salon-Maison Rousseau,"102, cours Lafayette 69003 Lyon","8,9"
Sol Café,"28, rue du Boeuf 69005 Lyon","8,7"
Hong Ha,"21, rue Saint-Jean 69005 Lyon","9,2"
Le Carré des Saveurs,"2, place des Célestins 69002 Lyon",9
Mon Père était Limonadier,"9, rue Justin Godart 69004 Lyon","8,5"
B.Bleu-Côté Ville,"46, rue de Sèze 69006 Lyon","8,5"
Café Gadagne,"5, place du Petit Collège 69005 Lyon","9,4"
Le Morgon,"2, rue Baraban 69006 Lyon","8,8"
Le Mercière,"56, rue Mercière 69002 Lyon","7,5"
Le Petit Gadin,"17, rue d'Austerlitz 69004 Lyon",
San Marco,"102, Grande Rue de la Guillotière 69006 Lyon","8,7"
Le Petit Grain,"19, rue de la Charité 69002 Lyon",9
La Cuisine,"9, rue Saint-Polycarpe 69001 Lyon","9,1"
"La Voûte, Chez Lea","11, place Antonin Gourju 69002 Lyon","8,2"
Le Gourmet de Sèze - Bernard Mariller,125 Rue de Sèze 69006 Lyon,"8,7"
L'Embuscade,"10, quai Rambaud 69002 Lyon","7,9"
Le Coeur en Bouche,"54, rue Ney 69006 Lyon","8,1"
Maison Saveur,"118, rue des Charmettes 69006 Lyon","6,2"
Grain de Folie,"1, rue Dumont d'Urville			
 69004 Lyon","9,5"
Le Verre et l'Assiette,"20, Grande Rue de Vaise 69009 Lyon","7,6"
Belle Île,"71, rue Masséna 69006 Lyon","6,2"
Café Cousu,"14, rue René Leynaud passage thiaffait 69001 Lyon","9,1"
Le Mandarin,"15, rue Lanterne 69001 Lyon","8,9"
Sakura,"67, boulevard de la Croix-Rousse 69004 Lyon","8,7"
Les Saveurs Exotiques,"27, rue René Leynaud 69001 Lyon","9,2"
Mon Histoire dans l'Assiette,"10, rue Longue 69001 Lyon",9
Angelina,"42, boulevard Eugène Deruelle 69003 Lyon","8,5"
Les Terrasses Saint Pierre,"20, place des Terreaux 69001 Lyon","8,5"
Treize et 3,"16, rue Hippolyte Flandrin 69001 Lyon","9,4"
Iceo,"147, avenue Jean Jaurès 69007 Lyon","8,8"
Dionysos,"3, avenue Général Brosset 69006 Lyon","7,5"
Miga Opéra,5 Rue Pizay 69001 Lyon,
Le Catalpa Gourmand,"38, rue de l'Arbre Sec 69001 Lyon",
La Terrasse,4 Quai Victor Augagneur 69003 Lyon,
Perle Caspienne,"58, rue Paul Bert 69003 Lyon",
Le Pago Pago,"13, quai Romain Rolland 69005 Lyon","8,1"
Bistrot de la Passerelle,"36, quai Saint-Antoine 69002 Lyon","7,9"
La Mélodie du Piano,"1, rue Général Plessier 69002 Lyon",8
Cuisine et Croix-Roussiens,"2, rue de Belfort 69004 Lyon","8,7"
Le Firenze,"97, rue de Gerland 69007 Lyon","8,4"
Le Bon Coin,"15, rue Vauban 69006 Lyon","7,9"
Le Rialto,"14, avenue Georges Pompidou 69003 Lyon","8,8"
Le Cabochon - Appart-Hôtels Park&Suites,"111, boulevard Vivier Merle 69003 Lyon","8,5"
Caffé Italien,"3, quai Antoine Riboud 69002 Lyon","7,8"
Le Georgette,"25, quai Victor Augagneur 69003 Lyon","7,8"
L'ACTE 1,"29, rue Molière 69006 Lyon","9,1"
Brasserie Francotte,"8, place des Célestins 69002 Lyon","8,9"
Neroliva,"13, rue Juliette Récamier 69006 Lyon","8,7"
Chez M'man,"4, rue des Marronniers 69002 Lyon","9,2"
Café Restaurant Du Soleil,"2, rue St Georges 69005 Lyon",9
Mommessin Restaurant et Vins	,"6, rue de Sèze			
 69006 Lyon","8,5"
La Gargotte,"15, rue Royale 69001 Lyon","8,5"
En Mets Fais Ce Qu'il Te Plait,"43, rue Chevreul 69007 Lyon","9,4"
Le Trocadero - Gérard Duc,"16, cours Vitton 69006 Lyon","8,8"
Les Adrets - Jean-Luc Wesolowski,"30, rue du Boeuf 69005 Lyon","7,5"
Maison Villemanzy,"25, montée Saint-Sébastien 69001 Lyon",
Le Caveau des Gourmands,"3, rue Valfenière 69001 Lyon",
Ban Thai,"34, rue Ferrandière 69002 Lyon",
La Brasserie des Confluences,83 Cours Charlemagne 69002 Lyon,
Le Passe Temps,52 Rue Tronchet 69006 Lyon,
King Marcel,31 Rue Merciere 69002 Lyon,"9,1"
Etna,13 Quai Perrache 69002 Lyon,"8,9"
Le Ferrari,"162, cours du Docteur Long 69003 Lyon","8,7"
Hippolyte,22 Rue Hippolyte Flandrin 69001 Lyon,"9,2"
Chez Marli 100% Brasil,"8 Rue Rivet, Lyon, France 69001 Lyon",9
O Sidney,"113, boulevard Marius Vivier Merle 69003 Lyon","8,5"
L'Epicerie,"2, rue de la Monnaie 69002 Lyon","8,5"
Les P'tits Pères,"23, rue de l'Arbre Sec 69001 Lyon","9,4"
Le Comptoir du Vin,"2, rue Belfort 69004 Lyon","8,8"
Brasserie Georges,"30, cours de Verdun 69002 Lyon","7,5"
Les Retrouvailles,"38, rue Boeuf 69005 Lyon",
Le Bourgogne,"53-55, rue de Bourgogne 69009 Lyon",
Pique Nique en Ville,"4, rue Dubois 69002 Lyon",
Pierre et Martine,"4, rue Ferrachat 69005 Lyon",
Aux 24 Colonnes,"10, rue des 3 Maries 69005 Lyon",
Raj Mahal,"10, rue Saint-Jean 69005 Lyon",
Big Fernand,"36 , rue Ferrandière 69002 Lyon",
Ti Amo Maria,"16, rue Casimir Périer 69002 Lyon",
Le Poivron Bleu,"12, rue du Professeur Weill 69006 Lyon",
Le Garet,"7, rue du Garet 69001 Lyon",
Café Muller,"177, avenue Thiers 69006 Lyon",
Alyssaar,"29, rue Bât d'Argent 69001 Lyon",
Chez Mounier,"3, rue des Marroniers 69002 Lyon",
Eleven Bar Restaurant,"11, avenue Sidoine Apollinaire 69009 Lyon",
La Mère Jean,"5, rue des Marroniers 69005 Lyon",
L'Instant Fromage,"31, rue Saint Hélène 69002 Lyon","8,2"
Ponts et Passerelles,"5, place du Docteur Gailleton 69002 Lyon","9,2"
Palégrié,"8, rue Palais-Grillet 69002 Lyon","8,4"
Le 126,"126, rue de Sèze 69006 Lyon","7,7"
Café de la Ficelle,"2, avenue du Doyenné 69005 Lyon","7,9"
Best Bagels,"1 Place Tobie Robatel, 69001 Lyon, France 69001 Lyon","9,1"
La Table de Diane,"31, rue Ferrandière 69002 Lyon","8,9"
Le Silo - Ninkasi Gerland,"267, rue Marcel Mérieux 69007 Lyon","8,7"
Vers le Bonheur,"13-15, rue Terme
 69001 Lyon","9,2"
Nulle Pierre Ailleurs,"2, quai Romain Rolland 69005 Lyon",9
Novotel Café Gerland,"70, avenue Leclerc 69007 Lyon","8,5"
La Maison Thai,"85, rue Massena 69006 Lyon","8,5"
La P'tite Ardoise,"12, rue Monseigneur Lavarenne			
 69005 Lyon","9,4"
Le Pique Assiette,"4, rue de la Baleine 69005 Lyon","8,8"
Broc' Café,"2, place de l'Hôpital 69002 Lyon","7,5"
Appelez-moi Rose,"36, rue de l'Arbre Sec 69001 Lyon",
Le Touareg,"38, rue du Boeuf 69005 Lyon",
Entre-nous,"30, rue de Docks 69009 Lyon",
Noboru,28 rue Henri Germain 69002 Lyon,
Café des Fédérations,"10, rue du Major Martin 69001 Lyon",
Ma Table en Italie,"31 Rue Ney, 69006 Lyon, France 69006 Lyon",
La Blanche Hermine,"91, cours Gambetta 69003 Lyon",
Docks 40,40 quai Rambaud  69002 Lyon,
La Nonna Autrement,"123, rue de Sèze 69006 Lyon",
La Bohème,"17, rue Hippolyte Flandrin 69001 Lyon",
Comme chez Moi,"149, rue Cuvier 69006 Lyon","8,9"
Minus et Compagnie,"25, Rue du Chariot d'Or 69004 Lyon","9,1"
L'Artiste et le Cuisinier,"3, rue de Belfort 69004 Lyon","8,9"
La Mère Cottivet,"20, rue Palais Grillet 69002 Lyon","8,1"
Le Bouchon des Berges,"7, rue Part Dieu 69003 Lyon","7,9"
Le Jean Moulin,"22, rue Gentil 69002 Lyon","8,9"
John Rosiak,"14, quai Jayr 69009 Lyon","8,6"
Daniel et Denis St Jean-La Machonnerie,"36, rue Tramassac 69005 Lyon","9,2"
Le Jardin de Berthe Opéra,"21, rue de l'Arbre Sec 69001 Lyon","8,3"
Brasserie des Brotteaux,"1, place Jules Ferry 69006 Lyon","8,7"
Mai Thai,"199, rue Créqui 69003 Lyon","8,4"
Bangkok Royal,"40, rue Sergent Blandan 69001 Lyon","9,1"
Le Pop,"12 Quai Maréchal Joffre, Lyon, France 69002 Lyon","8,9"
Elephant and Castle,"16, Quai de Bondy 69005 Lyon","8,7"
Miraflores - Carlos Camino,"60, rue Garibaldi 69006 Lyon","9,2"
Le Jardin d'à Côté,"10, rue sergent Michel Berthet 69009 Lyon",9
Le Cabaretier,"6, rue de la Fronde 69005 Lyon","8,5"
La Mouss'tache,"2, rue Saint Georges 69005 Lyon","8,5"
Le Bistrot des Voraces,"13, rue d’Austerlitz 69004 Lyon","9,4"
Coréen Barbecue,"10, rue Confort 69002 Lyon","8,8"
Tomo,"7, rue Pierre Corneille 69006 Lyon","7,5"
Le Bouchon Lustré,"55, rue Mercière 69002 Lyon",
Les Frangins,"9, rue des Marronniers 69002 Lyon",
Quai 50,"50, quai Paul Sédaillan 69009 Lyon",
Crêperie L'Ecume,"8, rue Professeur Weill 69006 Lyon",
Il Fico,54 Rue Ney 69006 Lyon,"8,3"
Café de Lyon,Centre Commercial Part-Dieu 69003 Lyon,"5,3"
Les Apprentis,"24, rue Professeur Weill 69006 Lyon","8,7"
Café Nova,10 rue de Saint Cyr 69009 Lyon,"9,2"
Le Poêlon d'Or,"29, rue Remparts d'Ainay 69002 Lyon","9,4"
Le Carnegie Hall,"253, rue Marcel Mérieux 69007 Lyon","9,7"
Le Fleurie,"123, rue Gerland 69007 Lyon","9,1"
Indo Café,"14, rue de la Thibaudière 69007 Lyon","9,1"
Les Chats Siamois,"4, petite rue des Feuillants 69001 Lyon","8,9"
Balthaz'art,"7, rue des Pierres Plantées 69001 Lyon","8,7"
Sushido,"169, rue Cuvier 69006 Lyon","9,2"
La Limonade de Marinette,"46 Rue Saint-Georges, 69005 Lyon, France 69005 Lyon",9
Novotel Confluence,"3, rue Paul Montrochet 69002 Lyon","8,5"
Sapori e Colori,"200, rue de Créqui 69003 Lyon","8,5"
Brasserie le Caveau,5 place Antonin Poncet 69002 Lyon,"9,4"
Jasmin Garden,"70, rue St Jean 69005 Lyon","8,8"
Le Bouchon des Antiquaires,"1, place Jules Ferry 69006 Lyon","7,5"
Lyon-Dakar,"227, rue Créqui 69003 Lyon",
Les Lyonnais Bouchon,"1, rue Tramassac 69005 Lyon",
L'Archange,"6, rue Hippolyte Flandrin 69001 Lyon",
Chez Pierre,"2, rue Mazenod 69003 Lyon",
Le Bistrot des Maquignons,"113, grande rue de la Guillotiere 69007 Lyon",
Chez les Garçons,"5, rue Cuvier 69006 Lyon",
Bistro Régent,5-7 rue des Marronniers 69002 Lyon,
Casseroles et Vieilles Gamelles,"64, grande rue de la Croix-Rousse 69004 Lyon",
Recto Verso,"133, rue Bugeaud 69006 Lyon","8,5"
L'Atelier des Augustins,"11, rue des Augustins 69001 Lyon","9,2"
Chez Sylvie,"30, rue Tupin 69002 Lyon","9,3"
Mozzato,"63, rue Mercière 69002 Lyon","8,9"
Wasabi,"76, rue d'Anvers 69007 Lyon","8,8"
L'Escarcelle,"27, quai Saint Vincent 69001 Lyon","9,1"
Chez Albert,"10, Place Fernand Rey 69001 Lyon","8,9"
Mon Bistrot A Moi,"84, cours Vitton 69006 Lyon","8,7"
Le Chalut - Hôtel Axotel,"12-16, rue Marc-Antoine Petit 69002 Lyon","9,2"
Franklin's Steakhouse,"41, rue Franklin 69002 Lyon",9
Le Laurencin,"24 Rue Saint-Jean, Lyon, France 69005 Lyon","8,5"
Mamamia Pizza,"69, rue de Gerland 69007 Lyon","8,5"
Le Temps d'un Repas,"112, rue de Saint Cyr 69009 Lyon","9,4"
Bistrot de Saint Jean,"3, place de Petit Collège 69005 Lyon","8,8"
Le Messob,"85, rue Masséna 69006 Lyon","7,5"
L'Hostel,"2, place de l'Hôpital 69002 Lyon",
Mama Africa,126 rue Sebastien Gryphe 69007 Lyon,
Le François Villon,"20 Rue du Bœuf, Lyon, France 69005 Lyon",
Ze Zanzibar,96 Rue Pierre Corneille 69003 Lyon,
Bistrot Charcot,"102, rue du Commandant Charcot 69005 Lyon",
Le Boucan Canot,"2, rue de la Loge 69005 Lyon",
La Conciergerie,"12, quai Pierre Scize 69009 Lyon",
G. Restaurant,"4, rue René Leynaud 69001 Lyon",
Brasserie aux 9 Triomphes,"4, route de Vienne 69007 Lyon",
Le Petit Bedon,14 Rue Palais Grillet 69002 Lyon,
Le Swit,"128, rue Baraban 69003 Lyon",8
Le Jardin de Berthe Ainay,"3, rue de Fleurieu 69002 Lyon","8,4"
"Ristretto by ""Red Café""","3, place Gailleton 69002 Lyon","8,6"
Le Ferrari,162 Cours Docteur Long 69003 Lyon,"8,1"
L'Authentique Steack House,"38, rue de l'Arbre Sec 69001 Lyon","8,3"
Don Vito,"154, avenue des Frères Lumière 69008 Lyon","8,7"
Les Ventres Jaunes,2 Place Neuve Saint-Jean 69005 Lyon,"7,2"
à KGB,"2, rue des Bons Enfants 69007 Lyon","7,2"
Devdas Tandoori,10 Rue Terme 69001 Lyon,"9,1"
Evidence,"95, cours du Docteur Long 69003 Lyon","8,9"
