name;address;rating;36.5677206;139.9033588
La Mère Brazier - Mathieu Viannay;12, rue Royale 69001 Lyon;9,5;45.7712805;4.837001799999999
L'Antigny;15, rue du Chariot d'Or 69004 Lyon;9,2;45.77769379999999;4.8338193
Thai Harmonie;149 Rue Cuvier 69006 Lyon;8,9;45.7677515;4.8542664
La Tablature;12, rue Béchevelin 69007 Lyon;8,9;45.75323789999999;4.8422009
Le Bistrot du 6ème;22 Rue Cuvier 69006 Lyon;8,9;45.7665562;4.8435725
Le Petit Carron;48 avenue Felix Faure 69003 Lyon;9;45.7527118;4.8527885
Chez Eux;180, rue de Créqui 69003 Lyon;8,9;45.7600425;4.847535
Restaurante Milonga;59, Rue Ney 69006 Lyon;9;45.7674459;4.8557406
Tout le Monde à Table;1 Rue du 24 Mars 1852 69009 Lyon;8,9;45.781288;4.8066741
Le Marélie;85 Rue Moncey 69003 Lyon;9,1;45.7610041;4.8492675
Carré Saône;9, rue de la Quarantaine 69005 Lyon;8,8;45.7533142;4.822763
O Jardin;56, rue Saint-Pierre de Vaise 69009 Lyon;8,7;45.7718203;4.804075999999999
Au Château d'If;127 rue de Gerland 69007 Lyon;8,6;45.73381639999999;4.8395491
Le Bistrot Rive Gauche (BRG);22, quai Charles de Gaulle 69006 Lyon;8,7;45.785631;4.857469
La Table d'Eugène;18, rue Royale 69001 Lyon;8,9;45.770947;4.8371217
Les Loges - Anthony Bonnet;6, rue du Bœuf 69005 Lyon;9,5;45.7633547;4.8271404
Le Lounge - Warwick Reine Astrid;24, boulevard des Belges 69006 Lyon;8,8;45.7749434;4.8476276
Au Temps Perdu;2, rue des Fantasques 69001 Lyon;9;45.7737796;4.836846599999999
Matsuri Lyon Presqu'île;7 rue de la Fromagerie 69001 Lyon;8,8;45.7650455;4.8337866
Le Caro de Lyon;25, rue du Bât d’Argent 69001 Lyon;8,7;45.7662651;4.8372513
L'Atelier Côté Rhône;1 rue de la Victoire 69003 Lyon;9,2;45.7577644;4.8418212
Au 14 Février Vieux Lyon;6, rue Mourguet 69005 Lyon;9,5;45.7597714;4.8259834
Mika Sushi;155, rue Cuvier 69006 Lyon;8,8;45.7678793;4.854993599999999
Le Pain de Sucre;82, rue Masséna 69006 Lyon;8,9;45.7668034;4.8545957
Cuisine et Dépendances Acte 2 - Fabrice Bonnot;68, rue de la Charité 69002 Lyon;9,2;45.7506745;4.8301712
Les Gratinés;226 Rue Duguesclin 69003 Lyon;8,8;45.7598342;4.8487874
Le Basilik;9 rue du Pierre Marion 69005 Lyon;8,8;45.7591322;4.8227915
Coeur du Pitre;27, rue de Saint-Cyr 69009 Lyon;8,8;45.7788833;4.8069191
Le Petit Carré;72, rue Saint-Georges 69005 Lyon;9;45.7570661;4.824389099999999
L'Episens;8 Rue Palais Grillet 69002 Lyon;9;45.7631299;4.8349603
La Cuisine de Lindouce;5, rue des 3 Pierres 69007 Lyon;5,3;45.7491001;4.8452186
Mont Fuji;17 Rue Sully 69006 Lyon;8,7;45.7707861;4.842978200000001
Brasserie Le Saxe;101 Avenue Maréchal de Saxe 69003 Lyon;9,5;45.7595975;4.8461295
Miko Sushi;140, avenue Félix Faure 69003 Lyon;9,2;45.7541866;4.8647984
Victoria Hall;33, rue du Repos 69007 Lyon;9,3;45.74629059999999;4.8504513
Têtedoie - Christian Têtedoie;Montée du Chemin Neuf 69005 Lyon;8,6;45.75992340000001;4.824464499999999
Espace Brasserie;26, place Bellecour 69002 Lyon;8,8;45.7567313;4.831028
Toute une Histoire;4, rue du Petit David 69002 Lyon;8,5;45.7619195;4.8321847
La Cannelle;103, quai Pierre Scize 69005 Lyon;9;45.7673116;4.825759199999999
Royal Indien;14, rue Lainerie 69005 Lyon;8,4;45.7649952;4.8278317
Le Cintra;43, rue de la Bourse 69002 Lyon;8,8;45.7643492;4.8370684
Le Théodore;34, cours Franklin Roosevelt 69006 Lyon;8,9;45.76869019999999;4.8468054
Le Karachi;206, rue Garibaldi 69003 Lyon;8,9;45.7588377;4.8519667
Les Demoiselles de Rochefort;31, rue René Leynaud 69001 Lyon;8,6;45.7701588;4.8344185
Au P'tit Zinc;56, quai Pierre Scize 69005 Lyon;8,6;45.7665286;4.8203032
Le Shalimar;39, quai Docteur Gailleton 69002 Lyon;8,2;45.751011;4.8319575
Bistro Pizay;4, rue Verdi 69001 Lyon;8,6;45.7668669;4.836611599999999
Brasserie Midi Minuit;83, cours Charlemagne 69002 Lyon;8,6;45.742685;4.8211071
Le Bistrot du Théâtre;38 Rue de Bourgogne 69009 Lyon;9,4;45.7778466;4.803279799999999
Les Trois Dômes - Christian Lherm;20, quai Gailleton 69002 Lyon;9,1;45.7547837;4.8340926
Matsuri Lyon Vaise;60 rue de Saint-Cyr 69009 Lyon;8,6;45.78352109999999;4.8083073
Au Resto';11 Montée Saint-Sébastien 69001 Lyon;9,1;45.7736183;4.8348149
My Soirée;13, Rue Cuvier 69006 Lyon;8,6;45.7667556;4.8428844
Les Filaos;1, place Fernand Rey 69001 Lyon;8,8;45.769321;4.8294896
Campanile Lyon Part-Dieu;31, rue Maurice Flandin 69003 Lyon;8,4;45.7604749;4.8635209
Jardin du Bambou;225, rue de Créqui 69003 Lyon;8,4;45.7576432;4.8484014
L'Esprit Bistrot Garibaldi;79, rue Garibaldi 69006 Lyon;8,8;45.7676857;4.8509607
Puerto Argentino;20, rue de la Rize 69003 Lyon;9;45.7564816;4.8559142
Brasserie Le Central;177, avenue Thiers 69006 Lyon;8,4;45.7668143;4.861647
Yamato;35, rue Sergent Michel Berthet 69009 Lyon;8,5;45.7715443;4.8055657
Le Pailleron;9, rue Pailleron 69004 Lyon;9,1;45.7795827;4.833162499999999
Momento Sapori e Vini;4, rue de Fleurieu 69002 Lyon;9,1;45.7531328;4.832190700000001
Flair...Gourmandise & Connivence;84, rue de la Charité 69002 Lyon;9,2;45.7494683;4.829574700000001
Le Comptoir d'Ainay;41, rue Auguste Comte 69002 Lyon;8,8;45.7526614;4.8300852
Edo;9 Rue Sainte-Catherine, lyon 69001 Lyon;8,2;45.7682888;4.832972
Matsuri Lyon Part-Dieu;109, cours lafayette 69006 Lyon;8,5;45.7637741;4.8509362
Lal Qila	;"4, place Saint-Paul			
 69005 Lyon";8,7;45.7655059;4.827734
La Maïoun;15 Rue de Bonald 69007 Lyon;9,3;45.7531572;4.840685199999999
Burger & Wine;14, quai Antoine Riboud 69002 Lyon;8,3;45.742282;4.817979999999999
Le Plato;1, rue Villeneuve 69004 Lyon;8,9;45.7747796;4.8285124
Restaurant Vatel Lyon;8 Rue Duhamel 69002 Lyon;9,2;45.75004;4.829197499999999
Le Café Français;3, place Anthonin Poncet 69002 Lyon;8,4;45.7566695;4.8343529
Happy Times;3, Rue Verdi 69001 Lyon;8,1;45.766996;4.8366469
Le Frenchie's;100 Rue Duguesclin 69006 Lyon;9,1;45.7687086;4.8471649
ÉMÉSE;28 Rue Notre Dame 69006 Lyon;8,9;45.7646041;4.867613500000001
L'Esprit Bistrot Vaise;53, rue Saint-Pierre de Vaise 69009 Lyon;8,4;45.77147979999999;4.8037883
La Cocagne;7, rue Aimé Collomb 69003 Lyon;8;45.7571884;4.841423
La Maison Marie;5, rue Tupin 69002 Lyon;9,1;45.7629143;4.8330777
Chee Is Thai;23, rue du Bas d'Argent 69001 Lyon;8,8;45.766287;4.8371143
Brasserie Élite;20, place Carnot 69002 Lyon;8,2;45.750781;4.8260843
L'Opéra-bouffe;2 bis rue Giuseppe Verdi 69001 Lyon;8,9;45.76701629999999;4.836561300000001
La Table de Suzanne;22, rue des Remparts d'Ainay 69002 Lyon;8,8;45.7527838;4.8302283
Le Boeuf d'Argent;29 Rue du Bœuf 69005 Lyon;9,3;45.7621183;4.8266441
L'Étage;4, place des Terreaux 69001 Lyon;9,3;45.7678015;4.8336427
L'Adresse;41, quai Pierre Scize 69009 Lyon;8;45.766228;4.8183665
Yamato;72, boulevard des Brotteaux 69006 Lyon;8,4;45.7641853;4.857065
Conakry;112, Grande Rue de la Guillotiere 69007 Lyon;8,1;45.7505472;4.848989700000001
Les Pampres Rouges;4, place Neuve Saint-Jean 69005 Lyon;7,7;45.7628092;4.8272575
A La Traboule;3, place du Gouvernement 69005 Lyon;7,9;45.7637445;4.828516599999999
Le bistrot des 4 Chapeaux;14 Rue des Quatre Chapeaux 69002 Lyon;9,2;45.7620859;4.834549099999999
Côté Berthelot;200, avenue Berthelot 69007 Lyon;8,3;45.7404538;4.8545194
Brasserie de la Bourse du Travail;69, rue Moncey 69003 Lyon;8,4;45.7600916;4.8488511
La Gamelle de Montchat;29 Cours Richard Vitton 69003 Lyon;9;45.7538091;4.8893103
Burgundy Lounge;24, quai Saint-Antoine 69002 Lyon;9,4;45.7628016;4.8321235
Pierre Orsi;"3, place Kléber
 69006 Lyon";9,1;45.7694546;4.8491295
Le Petit Persan;8, rue Longue 69001 Lyon;9,1;45.7651869;4.8325935
Le Garage;67, avenue du Maréchal de Saxe 69003 Lyon;8,6;45.76205239999999;4.8455921
Midi Minuit République;10 Rue de la République, Lyon, France 69001 Lyon;8,2;45.7655346;4.8357041
Casa Lola;5 Rue Pizay 69001 Lyon;8,8;45.7670932;4.8350538
Le Bouche à Oreille;9, rue Claudia 69002 Lyon;8,5;45.76458359999999;4.8376567
Restaurant Pourquoi Pas;71, rue Pierre Corneille 69006 Lyon;8,3;45.7640094;4.8439757
Yoshi;5 Rue Dumenge 69004 Lyon;8,3;45.7768883;4.8336046
Restaurant de Fourvière;9, place de Fourvière 69005 Lyon;8,3;45.7619058;4.8226604
Le Saint Vincent;6, place Fernand Rey 69001 Lyon;8,3;45.7690107;4.8294453
Edomae Sushi;116, rue Paul Bert 69003 Lyon;8,3;45.7568878;4.8544125
Un Moment à Part;40, rue de la charité 69002 Lyon;8,2;45.7527297;4.831335999999999
L'Attrape-Coeurs;10, rue Burdeau 69001 Lyon;8,4;45.7699137;4.8301836
Le Bistrot du Potager #2;163 Boulevard de Stalingrad 69006 Lyon;9,1;45.7705689;4.8587379
Le Bouchon des Cordeliers;15, rue Claudia 69002 Lyon;9;45.7641948;4.8376335
Quirinale;6, rue Bossuet 69006 Lyon;8,7;45.7672043;4.8448727
Café Épicerie - Hôtel Cour des Loges;2-8, rue du Boeuf 69005 Lyon;8,6;45.7632944;4.8270516
L'Epicerie Comptoir - Vaise;39, rue des Docks 69009 Lyon;9,1;45.7864741;4.811325099999999
Naruto Sushi;37, rue Marietton 69009 Lyon;8,3;45.774936;4.8041068
Un Sushi;117, rue Servient 69003 Lyon;8,2;45.7606786;4.8512242
Do Mo Restaurant;45, quai Rambaud 69002 Lyon;8,4;45.7379987;4.8149521
La Crêperie du Major;12, rue Major Martin 69001 Lyon;9,1;45.7666115;4.8326521
L'Atelier du Pizzaiolo;5, quai Antoine Riboud 69002 Lyon;8,9;45.74220469999999;4.817912199999999
Le Cazenove;75, rue Boileau 69006 Lyon;9,4;45.7697258;4.8490741
Jour de Marché;14, rue Molière 69006 Lyon;9;45.7667961;4.8421828
Brasserie Le Nord;18, rue Neuve 69002 Lyon;8,9;45.76517219999999;4.8355146
Intermezzo;1, quai Antoine Riboud 69002 Lyon;8,8;45.7431736;4.8158382
Crêperie Praline et Fleur de Sel;95, rue de Gerland 69007 Lyon;8,6;45.7361767;4.8398652
Meiji Era;13, rue Thomassin 69002 Lyon;8,2;45.7618015;4.834421
Burger & Wine Martinière;27 Rue de la Martinière, Lyon, France 69001 Lyon;7,9;45.768336;4.830296199999999
Domeva Caffé;24 - 26, rue de Bourgogne 69009 Lyon;8,8;45.776901;4.8039915
Soleil Levant;204, rue Garibaldi 69003 Lyon;8,4;45.7591067;4.8520512
Lem Sushi;3, place des Cordeliers 69002 Lyon;8,5;45.7637231;4.8376285
Steak & Co;67 bis, cours Vitton 69006 Lyon;8,2;45.76999;4.8565662
Au Vilain Petit Canard;41, rue Franklin 69002 Lyon;8,6;45.7521968;4.8302097
Etcheberry;20 Rue Palais Grillet 69002 Lyon;8,4;45.762396;4.8351354
Entr'acte;46, rue Ferrandière 69002 Lyon;8,8;45.7620152;4.8374251
Brasserie Debourg;29, avenue Debourg 69007 Lyon;8,3;45.7320849;4.829625399999999
Délices et Sens;19, rue Gentil 69002 Lyon;8,5;45.7650647;4.8364569
Aromo;15 Rue Montesquieu 69007 Lyon;9,3;45.7537965;4.840679499999999
Le Bistrot de Montchat;72, cours Docteur Long 69003 Lyon;9;45.7499472;4.8860719
Saveur d'Orient;46 Cours Charlemagne 69002 Lyon;9;45.7455581;4.822884999999999
L'Allegria Tre;21 Rue du Bât-d'Argent 69001 Lyon;8,1;45.76618999999999;4.8369991
Place des Sens;5, place Edgar Quinet 69006 Lyon;9;45.7664888;4.8450027
Grand Café de la Préfecture;10, rue Servient 69003 Lyon;8,5;45.7598283;4.8420292
Prairial;11 Rue Chavanne 69001 Lyon;9,1;45.7649342;4.8325418
Eat Sushi;27, quai Jean Moulin 69002 Lyon;8,4;45.7637742;4.8379052
Le Potager des Halles;3, rue de la Martinière 69001 Lyon;8,8;45.7682943;4.8285276
Cabaret L'Âne Rouge - Dîner Spectacle;11, rue Juiverie 69005 Lyon;8,9;45.7653526;4.8274225
Arsenic;132, rue Pierre Corneille 69003 Lyon;9,1;45.7591729;4.8444888
Appart'68 - Fabrice BONNOT;68, rue de la Charité 69002 Lyon;8,2;45.7506745;4.8301712
Tutti Quanti;52, avenue Félix Faure 69003 Lyon;8,8;45.7527003;4.852898199999999
La Favorite;16, rue de la Favorite 69005 Lyon;8,8;45.7578398;4.8117769
La Cantine du Palais;158, rue de Crèqui 69003 Lyon;9,1;45.7620746;4.8471388
Le Café de la Mairie;44, quai Pierre Scize 69009 Lyon;8,9;45.7662025;4.8187358
Sambahia;13, rue du Doyenné 69005 Lyon;8,7;45.7588952;4.8260818
Cantabria;32 Rue du Bourbonnais, Lyon, France 69009 Lyon;8,9;45.77429129999999;4.803569700000001
Le Ras Le Bol;67, place Voltaire 69003 Lyon;8,5;45.757079;4.84878
L'Etincelle;13, rue Hippolyte Flandrin 69001 Lyon;8,1;45.7679423;4.830767
La Grillardière;4, rue Lainerie 69005 Lyon;8,6;45.7653539;4.8279269
Le Tire Bouchon;16 Rue du Bœuf 69005 Lyon;8,8;45.762911;4.8270442
La Trattoria de Saint-Jean;31, rue Saint-Jean 69005 Lyon;8,1;45.7625811;4.8277996
Second Souffle;5, rue Neuve 69001 Lyon;9,2;45.76521;4.8347865
Le Café du Jura;25, rue Tupin 69002 Lyon;9;45.76306410000001;4.8347374
Le Comptoir des Canuts;9, rue Dumont d'Urville 69004 Lyon;8,5;45.7773648;4.836012
Monplaisir Côte Cour;64, avenue des Frères Lumières 69008 Lyon;8,7;45.74499710000001;4.865197
Pléthore et Balthazar;72, rue Mercière 69002 Lyon;8,6;45.7617738;4.8329189
La Régate;88, cours Vitton 69006 Lyon;9;45.7698798;4.858601999999999
Carré Royal;16 Rue Royale, Lyon, France 69001 Lyon;9,1;45.7710421;4.8369699
IBIZA Café Restaurant;21, Rue Pouteau 69001 Lyon;7,3;45.77082069999999;4.8333922
L'Accord Parfait;49 rue de la Charité 69002 Lyon;8;45.7507139;4.8306043
Maître Boeuf;6, place de la Baleine 69005 Lyon;8,4;45.7631717;4.828106099999999
Cocoo Thaï;7 Rue Neuve 69001 Lyon;8;45.7653213;4.8349956
Tokyo;26, rue Servient 69003 Lyon;8,3;45.7598722;4.843333599999999
L'Italiano Vero;96 Route de Genas 69003 Lyon;8,5;45.7542076;4.8872916
La Petite Auberge;2, place Eugène Wernert 69005 Lyon;8,7;45.7554931;4.8157212
Le Bouchon Sully;20 Rue Sully 69006 Lyon;8,9;45.7705703;4.8438292
Une Affaire de Goût;25 Rue de Sèze 69006 Lyon;8,9;45.7682994;4.8457055
SidOlivier;68, rue de Gerland 69007 Lyon;8,3;45.7384596;4.839828199999999
Brasserie Léon de Lyon;1, rue Pléney, angle 4 Rue du Plâtre 69001 Lyon;8,8;45.7659406;4.833603099999999
A Ma Vigne;23 Rue Jean Larrive, Lyon, France 69003 Lyon;9,3;45.7573112;4.8413259
La Lambretta;74, rue de Marseille 69007 Lyon;8,9;45.7497871;4.8386308
Buenos Aires;12 Rue Neuve, Lyon, France 69002 Lyon;9,2;45.76510649999999;4.8351653
Les Fils à Maman;25, rue de l'Arbre Sec 69001 Lyon;9;45.7668316;4.837208299999999
Ksar;4 Rue Grobon, Lyon, France 69001 Lyon;8,4;45.7672905;4.8302756
A Nous les Caprices;50, rue Franklin 69002 Lyon;8,9;45.7517223;4.8311875
Le Gabion;13 boulevard Eugène Deruelle 69003 Lyon;8,6;45.7630065;4.8534041
Le Petit Saint Petersbourg;49, rue Garibaldi 69006 Lyon;7,9;45.7698845;4.850498099999999
Café Chenavard;20 Rue Paul Chenavard, 69001 Lyon, France 69001 Lyon;8,6;45.7656893;4.8326079
Le Restaurant des Îles;4, place Carnot 69002 Lyon;8,5;45.751767;4.8281462
Jérémy Galvan Restaurant;29, rue du Boeuf 69005 Lyon;9,4;45.7621183;4.8266441
L'Assiette du Parc;53, rue Duquesne 69006 Lyon;9;45.773042;4.8470496
Moody's Dinner Club;28 Rue René Leynaud 69001 Lyon;8,6;45.7699751;4.8348134
Brasserie L'Ouest;1, quai du Commerce 69009 Lyon;8,4;45.7852999;4.8129681
Bistrot Jul;2, quai de Bondy 69005 Lyon;8,9;45.76691830000001;4.8275412
La Bonâme de Bruno;5, grande rue des Feuillants 69001 Lyon;8,6;45.7701117;4.837127
Mama Shelter Lyon;13, rue Domer 69007 Lyon;8,6;45.7470629;4.8451194
Argenson;40, Allée Pierre de Coubertin 69007 Lyon;8,6;45.7230403;4.8288768
Silk Brasserie - Hôtel Sofitel;20, quai Gailleton 69002 Lyon;8,9;45.7547837;4.8340926
Le Buron de Lyon;16, rue Fenelon 69006 Lyon;8,6;45.76418950000001;4.8442392
Le Monde d'Angkor;27, Quai Jayr, Lyon, France 69009 Lyon;9;45.7717841;4.8113602
Épicerie;24, cours Albert Thomas 69008 Lyon;8,7;45.74832139999999;4.8626889
Koubalibre;4 Rue du Palais de Justice 69005 Lyon;8,8;45.7623326;4.8283322
Gamelle et Timbale;133 Rue Baraban 69003 Lyon;8,2;45.7563532;4.8673066
36 Le Cosy;36, rue du Mail 69004 Lyon;9,1;45.7791852;4.8334141
Le 21 sur Vin;21, boulevard Eugène Deruelle 69003 Lyon;8,9;45.7631567;4.8544638
Zucca;70 Quai Charles de Gaulle 69006 Lyon;8,7;45.7848246;4.8529434
Chez Grand-Mère;11, rue du Boeuf 69005 Lyon;8,5;45.7628841;4.8272349
Auberge de l'Ile;7 Rue des Villas 69009 Lyon;8,6;45.7974681;4.8276001
Pop Pot;113 Rue Tête d'Or 69006 Lyon;8,9;45.7647026;4.853415
André Melkonyan			;"62, cours Vitton			
 69006 Lyon";8,5;45.7695389;4.8554867
La Tassée - Romain Borgeot;20, rue de la Charité 69002 Lyon;8,7;45.7545414;4.8322237
Fiston;44 Rue Mercière 69002 Lyon;8,9;45.7629591;4.8322839
Les Fines Gueules;16, rue de la Lainerie 69005 Lyon;7,6;45.7649256;4.8279314
La Quintessence;"31 Rue du Bât d&#39;Argent 69001 Lyon";8,8;45.7663012;4.8375872
La Chimère;14, rue du boeuf 69005 Lyon;8,6;45.76321540000001;4.8266155
Brasserie Espace Carnot;4, place Carnot 69002 Lyon;8,6;45.751767;4.8281462
Bistrot La Varenne;5 Place Gailleton 69002 Lyon;8,7;45.7532365;4.8329509
Fée Maison;6, grande rue de Saint-Rambert 69009 Lyon;8,9;45.7984431;4.8308906
L'Alexandrin - Laurent Rigal;83 Rue Moncey 69003 Lyon;9;45.7609376;4.849114699999999
Ludovic B;90, rue Massena 69006 Lyon;8,3;45.7663162;4.8545672
Les Culottes Longues;42, rue Sala 69002 Lyon;8,4;45.7542851;4.8316849
Tandoor and Wok;18 Rue Clément Marot, Lyon, France 69007 Lyon;8,9;45.7368859;4.8336196
Gang Nam;6, rue Thomassin 69002 Lyon;8,6;45.7615863;4.833662599999999
L'institution;24 Rue de la République 69002 Lyon;8,5;45.76329279999999;4.8355744
La Mangue Amère;7, rue du Jardin des Plantes 69001 Lyon;9,1;45.76975789999999;4.830129299999999
Les Bonnes Manières;104 Grande Rue de la Guillotière 69007 Lyon;8,8;45.7509175;4.847551999999999
L'Etoile d'Orient;31, rue des Remparts d'Ainay 69002 Lyon;8,7;45.7527718;4.8312174
Jols Lyon;283, avenue Jean Jaurès 69007 Lyon;8,1;45.72991;4.833169199999999
Fabrice Moya;97, rue de Vienne 69008 Lyon;8,9;45.7384624;4.8522881
La Meunière;11, rue Neuve 69001 Lyon;9,1;45.7652781;4.8352191
Aux Trois Maries;1, rue des Trois Maries 69005 Lyon;8,8;45.7631963;4.8284632
AOC Hôtel Dieu;28 Rue Louis Paufique 69002 Lyon;7;45.7592066;4.8357549
Bistrot Le Charité;37 Rue de la Charité 69002 Lyon;8,5;45.751829;4.8310765
Elie Henry et Fils;21 Rue Jean Larrive 69003 Lyon;9,1;45.7574543;4.8413522
Monogatari;14 Rue Royale 69001 Lyon;7,8;45.7711681;4.8371591
La Vallée des Rois - Grand Casino de Lyon;70 Quai Charles de Gaulle 69006 Lyon;8;45.7848246;4.8529434
Bouchon Thomas;3 rue Laurencin 69002 Lyon;8,6;45.7530296;4.832140799999999
Le Jardin des Dombes;4, rue des Nuits 69004 Lyon;6,3;45.7778841;4.833755099999999
Melle Simone;26 Cours de Verdun Perrache 69002 Lyon;9;45.7484835;4.827823899999999
VCB Viens Chercher Bonheur;119 Route de Vienne 69008 Lyon;8,5;45.7372412;4.852700899999999
Le Passage - Frédéric Cordier;8, rue du Plâtre 69001 Lyon;8,8;45.76582459999999;4.8338668
Le Garde Manger Bistro Resto Apero;9, rue Denuziere 69002 Lyon;8,8;45.7467881;4.8215807
Les Terrasses de Lyon - David Delsart;25, montée Saint-Barthélemy 69005 Lyon;9;45.76304100000001;4.8260966
Le Comptoir Brunet;23 Rue Claudia 69002 Lyon;8,4;45.7638759;4.8376322
L'inaTTendu;95 Rue Bossuet 69006 Lyon;8,2;45.7683836;4.855053799999999
La Muse en Bouche;97, rue de Gerland 69007 Lyon;8,3;45.7360024;4.8397577
La Table 101;101 Rue Moncey 69003 Lyon;8,5;45.7617494;4.850128
Bistrot Gustave;9 Rue des Marronniers, Lyon, France 69002 Lyon;8,6;45.7569624;4.834852
Le Splendid;3, place Jules Ferry 69006 Lyon;8,4;45.7674688;4.858701
Le Quai 9;46, quai Jayr 69009 Lyon;8,3;45.7740083;4.808720999999999
Fubuki;17, rue Gentil 69002 Lyon;8,4;45.7650023;4.836282
Brasserie L'Est;14, Place Jules Ferry 69006 Lyon;9,1;45.7682067;4.8596002
L'Endroit Lyon Vaise;14-16, rue de la Navigation 69009 Lyon;8,9;45.7884259;4.812039500000001
Le St Trop;5, quai Riboud 69002 Lyon;8,7;45.74220469999999;4.817912199999999
L'Esprit Bistrot Monplaisir;13, rue Berchet 69008 Lyon;9,2;45.7410436;4.8689525
L'Épicerie Comptoir - Les Halles;40, rue Dunoir 69003 Lyon;8,5;45.7610636;4.8491439
L'Entracte Bar Restaurant;123, rue André Bollier 69007 Lyon;6,7;45.7352721;4.8380158
Bateau Bellona;Pied du Pont Pasteur - Rive Droite du Rhône 69002 Lyon;8,6;45.7477113;4.8240999
Djemi's Café;7 Quai des Célestins, Lyon, France 69002 Lyon;8,3;45.7604234;4.8308898
Les Terrasses du Valdo;146 bis, rue Pierre Valdo 69005 Lyon;8,5;45.7488704;4.780931499999999
Café du Gros Caillou;180 Boulevard de la Croix-Rousse 69001 Lyon;9,1;45.7743274;4.8348639
Rani Raja;3 Rue Soufflot 69005 Lyon;8,7;45.76427750000001;4.8278938
Les Petits Siamois;16, rue du Palais Grillet 69002 Lyon;8,6;45.7625249;4.835081499999999
Le Vin Gourmand;50, rue de la Villette 69003 Lyon;8,2;45.75941599999999;4.8613697
Le 71;71 Rue Masséna 69006 Lyon;8,1;45.7673565;4.8547513
La Terrasse de l'Antiquaille;Montée du chemin neuf 69005 Lyon;8,9;45.75992340000001;4.824464499999999
La Maison;4 Rue Jonas Salk 69007 Lyon;8,6;45.731354;4.823150099999999
Café des Artisans, Le Bouchon de Muriel;116 rue du Dauphiné 69003 Lyon;7,5;45.7539548;4.872620899999999
Brasserie Marius;39, boulevard Marius Vivier Merle 69003 Lyon;7,4;45.761428;4.858201999999999
Le Bistrot d'Abel;47 Rue de la Bourse 69002 Lyon;8,9;45.7640929;4.83692
Sawadee;175 Avenue Jean Jaurès 69007 Lyon;7,3;45.7378297;4.8378587
Le Bistrot d'Arno;3, rue Bugeaud 69006 Lyon;8,7;45.7658993;4.8419473
La Nonna;29, rue Ney 69006 Lyon;7,8;45.7694734;4.8553142
Dine Dong;89, rue Bossuet 69006 Lyon;8,5;45.76831019999999;4.8546364
Grand Café des Négociants;1, place Francisque Régaud 69002 Lyon;8,2;45.7632276;4.8344703
Le Penjab;25bis, quai Romain Rolland 69005 Lyon;8,5;45.761103;4.8282848
Éléphant;53, rue Ney 69006 Lyon;8,4;45.7679281;4.8556028
La Tête de Lard;13, rue Désirée 69001 Lyon;8,8;45.768522;4.8354104
Le Tandem;81, rue Louis Blanc 69006 Lyon;8,9;45.7653877;4.8555003
La Belle Assiette - Chef à Domicile;41 Rue Saint-Jean 69005 Lyon;9,1;45.7611833;4.8272778
Pasta Bella;172, cours Lafayette 69003 Lyon;7,9;45.7635179;4.8569726
Home Sushi;69, rue Marietton 69009 Lyon;8,5;45.7758;4.800604
Yzumi;71, rue Ney 69006 Lyon;8,2;45.7665956;4.855823900000001
Brasserie Lyon Plage - Hôtel Lyon Métropole;85, quai Joseph Gillet 69004 Lyon;7,5;45.78880239999999;4.8201931
Les Tables Claudiennes;41, rue des Tables Claudiennes 69001 Lyon;7,8;45.77096969999999;4.833097299999999
Namaskar;112 Cours Charlemagne 69002 Lyon;8,3;45.7408777;4.8189547
Vas-y Vas-y;10, rue des Verriers 69007 Lyon;8,9;45.7432811;4.8365447
Le Centre by Georges;14, rue Grolée 69002 Lyon;8,6;45.7607742;4.836899499999999
Côté Part Dieu;105, rue de la Part Dieu 69003 Lyon;8,4;45.760056;4.8511864
Le Baronn;2, rue des 3 Maries 69005 Lyon;8,3;45.7629168;4.8283741
Layali Beyrouth;38, rue du Dauphiné 69003 Lyon;8,8;45.75191969999999;4.865754
L'Épicerie Comptoir - Les Brotteaux;192, rue Cuvier 69006 Lyon;8,2;45.7677944;4.8576798
Bellaggio Grill;20 Rue du Dauphiné 69003 Lyon;7,8;45.7505341;4.8651409
Le Phénicien;81 Rue Masséna 69006 Lyon;9,1;45.76676820000001;4.8547854
Le castel café;35, rue Pierre Corneille 69006 Lyon;8,9;45.7660673;4.8436734
Sushi & Sushis;47 Rue de Gerland 69007 Lyon;8,7;45.7396721;4.840472399999999
Le Mondrian;1 Quai Claude Bernard 69007 Lyon;9,2;45.7544938;4.8396946
Le Comptoir Duquesne;24 Rue Duquesne 69006 Lyon;9;45.772554;4.8451612
Freshour;61 Rue Denuzière, Lyon, France 69002 Lyon;8,5;45.7426559;4.8178922
Le PAP : Papoter Autour d'un Plat;25 Rue Delandine 69002 Lyon;8,5;45.7450504;4.8260587
OKSUSHI;61, rue de seze 69006 Lyon;9,4;45.7685357;4.8494271
Café Perché;112 Cours Charlemagne 69002 Lyon;8,8;45.7408777;4.8189547
Bulgogi;74 cours Vitton 69006 Lyon;7,5;45.7697176;4.856557899999999
Papagayo;87, quai Pierre Scize 69005 Lyon;;45.7672541;4.8244185
Hua Yuan Xuan;20 Rue Mulet 69001 Lyon;;45.7656384;4.8364515
N'Café Novotel Lyon Part Dieu;47 Boulevard Marius Vivier Merle 69003 Lyon;8,1;45.7596234;4.8586642
Le Jaboulay;82 Rue Jaboulay, Lyon, France 69007 Lyon;8,4;45.74537;4.845490499999999
Le Layon;52, rue Merciere 69003 Lyon;8,4;45.7627244;4.8326815
Le Verdi;13 Boulevard des Brotteaux 69006 Lyon;8,5;45.7683119;4.857212
Le Comptoir de l'Atelier;49 Rue Mercière 69002 Lyon;8,7;45.7624514;4.8329244
KOS-I;4, rue Jean Marcuit 69009 Lyon;7,3;45.7887953;4.8142764
Monna Lisa;44 Cours Charlemagne 69002 Lyon;8,5;45.7457154;4.8230052
Taste and See;50 rue Pasteur 69007 Lyon;8;45.7526599;4.8394812
Brasserie Le Dandy;45 Rue de la Bourse 69002 Lyon;8,5;45.7642467;4.8370217
La Mama S&I;"33 Cours d&#39;Herbouville 69004 Lyon";8;45.7780798;4.8401754
Le Scorsese;71, rue Pierre Corneille 69006 Lyon;6,9;45.7640094;4.8439757
Le Bistrot Bonnel;66 Rue de Bonnel 69003 Lyon;8,5;45.7618005;4.8499478
Le Bon, le Boeuf et le Truand;8, rue Juiverie 69005 Lyon;8,4;45.7654814;4.8269989
Indochine;51, rue Denuzière 69002 Lyon;8,9;45.7432326;4.818491499999999
Le Comptoir de la Confluence;41, rue Smith 69002 Lyon;7,4;45.7440544;4.823666300000001
Café Saint-Amour;77 Rue Villeroy 69003 Lyon;9,1;45.7549371;4.8504917
Panijo;35, rue de l'Université 69007 Lyon;8,9;45.7498048;4.8411294
Le Tono;17, rue Claudia 69002 Lyon;8,7;45.764211;4.8376353
Le Bistrouille;Place Saint-Paul 69005 Lyon;9,2;45.7658505;4.827249
Nambo;16 Quai de Bondy 69005 Lyon;9;45.7660499;4.828503599999999
L'Origo;2 rue Célu, 69004 Lyon, France 69004 Lyon;8,5;45.775014;4.8360208
Bar Lounge le 12.2;12 Cours de Verdun Rambaud 69002 Lyon;8,5;45.7494389;4.8256899
Grain de Sel;33 Rue du Sergent Michel Berthet 69009 Lyon;9,4;45.7716122;4.805699499999999
Le Phosphore;Montée du Chemin Neuf 69005 Lyon;8,8;45.75992340000001;4.824464499999999
Gochi Perrache;11, rue Général Plessier 69002 Lyon;7,5;45.751382;4.8260787
DOCKER RESTAURANT;16, quai du Commerce 69009 Lyon;8;45.782879;4.8109233
Le Cinématographe;69 Cours Albert Thomas 69003 Lyon;6,8;45.7470205;4.8674376
Marguerite Restaurant;57, Avenue des Frères Lumière 69008 Lyon;7,9;45.745354;4.8661292
C'est Tout Bon;3, rue Sala 69002 Lyon;7,4;45.7567878;4.8273705
Comptoir JOA;44, quai Charles de Gaulle 69006 Lyon;8,2;45.78529899999999;4.8554663
L'Entracte;69 Cours Albert Thomas 69003 Lyon;7,8;45.7470205;4.8674376
L'un des Sens;24 Rue Palais Grillet 69002 Lyon;8,4;45.7622559;4.8350846
Café des Anges;81, rue Vauban 69006 Lyon;8,4;45.7655397;4.850058499999999
Le Pompeï;275 cours Lafayette 69006 Lyon;8,2;45.7638834;4.866666100000001
L'Épicerie Comptoir - Croix Rousse;3, place Bertone 69004 Lyon;8,3;45.777763;4.8341631
Thaï Demoiselle;12 Quai Victor Augagneur 69003 Lyon;8,1;45.7602457;4.841285099999999
Le Palais de Saint Jean;40, rue Saint Jean 69005 Lyon;8;45.76264949999999;4.8275238
Grand Café Lyonnais;4, rue de la Barre 69002 Lyon;5,3;45.7578361;4.834369
Le Marmito;25, rue Masséna 69006 Lyon;8,8;45.77066740000001;4.8541416
Le Panier du Chef;1, place Neuve Saint-Jean 69005 Lyon;8,8;45.7624907;4.8274756
Engimono;8 rue Servient 69003 Lyon;7,3;45.7596762;4.8418243
Bleu Soleil;52, rue Étienne Richerand 69003 Lyon;8,5;45.75987800000001;4.8659077
Asian Hall;90 cours Lafayette 69003 Lyon;6,6;45.7628937;4.8493822
Brasserie Le Sud;11, Place Antonin-Poncet 69002 Lyon;8,3;45.75633149999999;4.8355294
Tendance d'Europe;10, place de L'Europe 69006 Lyon;9,8;45.764211;4.849703
Kan Food;249, rue Paul Bert 69003 Lyon;7,1;45.7568489;4.866761299999999
Italia e Sapore;88, rue Vendôme 69006 Lyon;8,3;45.7681493;4.8449487
L'endroit Cité;62, quai Charles de Gaulle 69006 Lyon;8,5;45.7851768;4.853969999999999
Le Sathonay;34, rue Sergent Blandan 69001 Lyon;9,1;45.7686986;4.830235399999999
Le Petit Dauphin;38, rue Notre Dame 69006 Lyon;8,9;45.7640806;4.8677418
La Patrie;58 avenue Maréchal de Saxe 69003 Lyon;7,9;45.76357609999999;4.8449247
Les Terrasses - Hôtel La Tour Rose;22, rue du Boeuf 69005 Lyon;8,1;45.7627248;4.82682
Baryton;30, rue de l'Arbre Sec 69001 Lyon;8;45.76668979999999;4.836589099999999
Le Preskil;4, rue Confort 69002 Lyon;7,5;45.7599919;4.8342689
Le Jardin Gourmand;15, rue Pouteau 69001 Lyon;8,2;45.7712169;4.8334325
Aux Petits Oignons;"45, rue de Sèze			
 69006 Lyon";7,9;45.7684925;4.8478734
All 54;Hôtel Ibis Styles - 54, rue de la Villette 69003 Lyon;8,1;45.7594163;4.8614818
Au Grand Méchant Loup;12 Rue Palais Grillet 69002 Lyon;8,3;45.7627788;4.835005499999999
Pepperoni;78, rue Vendôme 69006 Lyon;8,8;45.7694438;4.8446882
L'Alhambra;73, rue de Sèze 69006 Lyon;7,3;45.7686626;4.8509541
Le Napolitain;69 Rue Ney 69006 Lyon;8,9;45.7667447;4.8559494
L'Endroit Confluence;9b, quai Antoine Riboud 69002 Lyon;8,2;45.742252;4.817518
Wanthita Thaï Street Food;124 Cours Lafayette, Lyon, France 69003 Lyon;8;45.7634677;4.851948699999999
Le Poklin;60, rue Molière 69003 Lyon;7,9;45.7632895;4.842830699999999
Pekin Express;114 Rue Paul Bert, Lyon, France 69003 Lyon;8,5;45.7568987;4.8542477
Le SelCius;43, quai Rambaud 69002 Lyon;8,4;45.7388361;4.8146471
La Hugonnière;13, rue Neuve 69001 Lyon;9,3;45.7652838;4.8352844
AOC Les Halles;Halles Paul Bocuse, 102 cours Lafayette 69003 Lyon;8,6;45.76340829999999;4.850451
Le MoMa;8, rue Chavanne 69001 Lyon;7,7;45.7651438;4.8320763
Le Jardin Intérieur;1, rue Justin Godart 69004 Lyon;7,7;45.7759854;4.834999499999999
Peniche Loupika;47, quai rambaud 69002 Lyon;9,1;45.7371935;4.8149501
Le Bistrot de Lyon;64, rue Mercière - Angle rue de la Monnaie 69002 Lyon;8,9;45.7616234;4.8323741
Restaurant Thomas;6, rue Laurencin 69002 Lyon;8,7;45.7527891;4.8319569
Le Vivarais;1 Place Gailleton 69002 Lyon;9,2;45.7536751;4.8331089
Toki Sushi;14, rue du Mail 69004 Lyon;9;45.7774276;4.8333479
Sakura;251 bis, rue Marcel Merieux 69007 Lyon;7,6;45.7289009;4.830531
Aux Saveurs;74, rue des Docks 69009 Lyon;8,2;45.789668;4.814301899999999
Vert Tige;10, rue Danton 69003 Lyon;8,2;45.7558612;4.8572641
L'absteme;111, rue Sébastien Gryphe 69007 Lyon;8,2;45.74873179999999;4.8401175
Tiger Wok Lyon;8, rue Challemel Lacour 69007 Lyon;7,2;45.72950840000001;4.8311532
Lug's;59, boulevard des Brotteaux 69006 Lyon;7,9;45.76387219999999;4.8576312
Régal Crêpes Plus;39 Rue de la Bourse 69002 Lyon;8,3;45.7646002;4.8370411
Hakata Ramen;8, rue du Garet 69001 Lyon;8,8;45.7669818;4.8367093
Chez Augusto;6, rue Neuve 69002 Lyon;8,4;45.7651099;4.8349401
Pola Café;Passage Thiaffait - 19, rue René Leynaud 69001 Lyon;8,2;45.7699572;4.83311
La Coquette;9, place Tabareau 69004 Lyon;7,5;45.7743772;4.825775
L'Arc-en-Ciel - Hôtel Radisson Blu;129, rue Servient 69003 Lyon;8,3;45.7610475;4.8537629
La Squadra;19, rue Voltaire 69003 Lyon;8,2;45.75979239999999;4.8484703
Restaurant La Tour Rose;22, rue du Boeuf 69005 Lyon;7,8;45.7627248;4.82682
Café de la Crèche;3, rue Aimé Boussange 69004 Lyon;8,2;45.7754595;4.8344265
L'Émir, aux Mille et Une Nuits;44, quai Saint Vincent 69001 Lyon;7,5;45.76836609999999;4.8271717
Le Boudoir;13, place Jules Ferry 69006 Lyon;7,5;45.7672767;4.859786
Alter Ego;42, rue Franklin 69002 Lyon;8,6;45.7518508;4.830263899999999
Le Comptoir du Narval;70, avenue du Point du Jour 69005 Lyon;7;45.7570101;4.7974344
Due by Maurizio;8, rue Jouffroy d'Abbans 69009 Lyon;9,1;45.7749775;4.8035804
Villa Bachut;315 Avenue Berthelot 69008 Lyon;8,9;45.73799899999999;4.8653217
Le Un, Deux, Trois;1 Place Neuve Saint-Jean, Lyon, France 69005 Lyon;8,7;45.7624907;4.8274756
Le Koodeta;6, rue Lavoisier 69003 Lyon;9,2;45.7564623;4.8579042
Flora;34, rue du Dauphiné 69003 Lyon;9;45.7516677;4.865658199999999
Gochi Gerland;3 rue Challemel Lacour 69007 Lyon;8,5;45.7299056;4.8306482
Le Comptoir du Boeuf;2, place Neuve Saint-Jean 69005 Lyon;8,3;45.7626015;4.8271762
Le Quai 31;31, quai Gailleton 69002 Lyon;8,2;45.7521634;4.8328334
Gingko;51 avenue Jean Mermoz 69008 Lyon;8,5;45.7351309;4.8749647
Le Buldo;2, quai Raoul Carrié 69009 Lyon;8;45.7981643;4.8308122
Le Polo Club;9, rue des 4 Châpeaux 69002 Lyon;8,1;45.7623425;4.834694
Kohinoor;116, rue Paul Bert 69003 Lyon;7,8;45.7568878;4.8544125
Le Moment;33, rue de Saint Cyr 69009 Lyon;9,4;45.7794907;4.8070423
Pizzeria Napoli;45, rue Franklin 69002 Lyon;8,9;45.7521701;4.8305291
Pain et Cie;13-15, rue des Quatre Chapeaux 69002 Lyon;8,4;45.7619854;4.834692500000001
Le Tibouren;16, rue Bonald 69007 Lyon;9;45.7531288;4.8401755
La Table;8, place Tabareau 69004 Lyon;9,1;45.774339;4.8258171
La Bodeguita Cubana;44, rue de Cuire 69003 Lyon;9;45.7538756;4.8554051
23 Restaurant - Caviste Bio;23, rue René Leynaud 69001 Lyon;9,1;45.77012089999999;4.833446299999999
Imouto;21, rue Pasteur 69007 Lyon;9,3;45.7541091;4.8408296
Doshilack;28, rue Marseille 69007 Lyon;9,4;45.7526082;4.8406139
L'Acteur;5, rue Charles Dullin 69002 Lyon;9,1;45.7602689;4.8314298
Cosy Corner;1, rue Soufflot 69005 Lyon;8,9;45.7643389;4.8281059
Diplomatico;1, quai des Célestins 69002 Lyon;9,3;45.7610885;4.8317203
Restaurant 33 Cité;33, quai Charles de Gaulle 69006 Lyon;8,6;45.785251;4.856637
Osteria Valenti;3, place Commandant Arnaud 69004 Lyon;8,8;45.7799016;4.8349354
L'Âme Sœur;209, rue Dugesclin 69003 Lyon;9,1;45.7610061;4.8489659
L'Eau Salée;4, rue des 3 Maries 69005 Lyon;8,8;45.76274249999999;4.8281626
Chez Roland;87, boulevard De La Croix Rousse 69004 Lyon;8,4;45.7740377;4.8241318
Butcher;30, rue Lanterne 69001 Lyon;9;45.76550779999999;4.8320237
Monkey Club;19, place Tolozan 69001 Lyon;8,4;45.7693079;4.837263399999999
Le Petit Frère;76, rue Massena 69006 Lyon;8,6;45.7671875;4.854426
Le Bienfait;6, rue François Dauphin 69002 Lyon;8,7;45.7557488;4.8314485
Aux Vieux Murs;20, rue Royale 69001 Lyon;9;45.77081889999999;4.837079
Les Saveurs de Py;8, rue Pailleron 69004 Lyon;9;45.7794236;4.8330614
Chez Hugon;12, rue Pizay 69001 Lyon;9,2;45.7667435;4.835231299999999
Au Petit Bouchon Chez Georges;8, rue Garet 69001 Lyon;9,1;45.7669818;4.8367093
L'art et la Manière;102, grande rue de la Guillotière 69007 Lyon;8,7;45.7512624;4.8475969
Chez Terra;81, rue Duguesclin 69006 Lyon;9;45.7701843;4.847251099999999
L'Auberge Savoyarde;72 Avenue des Freres Lumiere 69008 Lyon;9,1;45.7450665;4.8659492
Comme chez Mathilde;66, rue Saint Jean 69005 Lyon;7,7;45.7617169;4.827202799999999
Le Café du Peintre;50, boulevard des Brotteaux 69006 Lyon;7,8;45.7657712;4.8566996
Wallace Bar;2, rue Octavio Mey 69005 Lyon;7,3;45.7663431;4.8283785
Phnom Pich;13, rue Passet 69007 Lyon;8,8;45.7548463;4.841658499999999
Le Winch;62, rue Mercière 69002 Lyon;9,1;45.7623772;4.8326534
Le Béranger;1, rue Béranger 69006 Lyon;8,9;45.7700291;4.860913699999999
Chez les Gones;102, cours Lafayette 69003 Lyon;8,7;45.76340829999999;4.850451
Il Palio;2, rue Duhamel 69002 Lyon;9,2;45.7503817;4.828949499999999
Chez Léon;102, cours Lafayette 69003 Lyon;9;45.76340829999999;4.850451
Orange à la Cannelle;20, rue de Bourgogne 69009 Lyon;8,5;45.7766135;4.8044002
La Brasserie des Croix Roussiens;8, rue de Cuire 69004 Lyon;8,5;45.7754438;4.830831
La Traboulerie;58, rue Mercière 69002 Lyon;9,4;45.76251329999999;4.8327244
Le Montana;26, rue Jean-Baptiste Say 69004 Lyon;8,8;45.7729443;4.8316183
Le Riva Café;23, quai Général Sarrail 69006 Lyon;7,5;45.7638124;4.8419402
Bernachon;42, cours Franklin Roosevelt 69006 Lyon;;45.7688602;4.8478371
Ré-Confort;5, rue Confort 69002 Lyon;;45.7599951;4.8345058
Auberge Rabelais;39, rue Saint Jean 69005 Lyon;8,9;45.7613254;4.8274548
Le Cèdre Bleu;10, quai Romain Rolland 69005 Lyon;9,1;45.7638185;4.8287854
Détends-Toi;6, rue du Petit David 69002 Lyon;8,9;45.7618882;4.8323823
Gumps Corner;25, place Carnot 69002 Lyon;8,6;45.7518317;4.8271206
La Chine;21, rue Condé 69002 Lyon;7,9;45.75141;4.8295995
Le Coquemar;25, montée Cardinal Decourtray 69005 Lyon;9;45.76156539999999;4.8218304
Via Veneto;86, cours Vitton 69006 Lyon;9,5;45.7698566;4.858204199999999
Spécial Pizza;42, rue Mercière 69002 Lyon;8;45.7630642;4.832282600000001
Mamma;10, rue Pleney 69001 Lyon;8,9;45.765619;4.8333682
La Jonque D'Or;20, rue Pasteur 69007 Lyon;8,6;45.754457;4.840838499999999
Le Bouchon de l'Opéra;11, rue des Capucins 69001 Lyon;7,1;45.7692808;4.833154299999999
Giovany's ristorante;3, place de la Baleine 69005 Lyon;9,1;45.7633069;4.828363899999999
Le Venezia;237, rue Marcel Mérieux 69007 Lyon;8,8;45.7301605;4.8305315
Woko;17, rue du docteur Bouchut 69003 Lyon;8,9;45.7613861;4.855767999999999
Café Comptoir du Commerce;16, quai du Commerce 69009 Lyon;9,1;45.782879;4.8109233
Le Petit Salon-Maison Rousseau;102, cours Lafayette 69003 Lyon;8,9;45.76340829999999;4.850451
Sol Café;28, rue du Boeuf 69005 Lyon;8,7;45.7626232;4.826607999999999
Hong Ha;21, rue Saint-Jean 69005 Lyon;9,2;45.7628614;4.8281656
Le Carré des Saveurs;2, place des Célestins 69002 Lyon;9;45.7600285;4.8320117
Mon Père était Limonadier;9, rue Justin Godart 69004 Lyon;8,5;45.7759256;4.8356982
B.Bleu-Côté Ville;46, rue de Sèze 69006 Lyon;8,5;45.7681455;4.8480089
Café Gadagne;5, place du Petit Collège 69005 Lyon;9,4;45.763869;4.8272061
Le Morgon;2, rue Baraban 69006 Lyon;8,8;45.7650803;4.868691399999999
Le Mercière;56, rue Mercière 69002 Lyon;7,5;45.7625825;4.8323792
Le Petit Gadin;17, rue d'Austerlitz 69004 Lyon;;45.77554139999999;4.835439099999999
San Marco;102, Grande Rue de la Guillotière 69006 Lyon;8,7;45.7512624;4.8475969
Le Petit Grain;19, rue de la Charité 69002 Lyon;9;45.7532787;4.831952500000001
La Cuisine;9, rue Saint-Polycarpe 69001 Lyon;9,1;45.7688152;4.8344667
La Voûte, Chez Lea;11, place Antonin Gourju 69002 Lyon;8,2;45.75956069999999;4.8304292
Le Gourmet de Sèze - Bernard Mariller;125 Rue de Sèze 69006 Lyon;8,7;45.76912730000001;4.855576399999999
L'Embuscade;10, quai Rambaud 69002 Lyon;7,9;45.7486449;4.8203065
Le Coeur en Bouche;54, rue Ney 69006 Lyon;8,1;45.767993;4.8554244
Maison Saveur;118, rue des Charmettes 69006 Lyon;6,2;45.7640546;4.8668559
Grain de Folie;"1, rue Dumont d'Urville			
 69004 Lyon";9,5;45.776758;4.8361977
Le Verre et l'Assiette;20, Grande Rue de Vaise 69009 Lyon;7,6;45.7743849;4.807084199999999
Belle Île;71, rue Masséna 69006 Lyon;6,2;45.7673565;4.8547513
Café Cousu;14, rue René Leynaud passage thiaffait 69001 Lyon;9,1;45.7699572;4.83311
Le Mandarin;15, rue Lanterne 69001 Lyon;8,9;45.7663792;4.8319449
Sakura;67, boulevard de la Croix-Rousse 69004 Lyon;8,7;45.7736315;4.822602
Les Saveurs Exotiques;27, rue René Leynaud 69001 Lyon;9,2;45.7699212;4.834177899999999
Mon Histoire dans l'Assiette;10, rue Longue 69001 Lyon;9;45.7651251;4.8327404
Angelina;42, boulevard Eugène Deruelle 69003 Lyon;8,5;45.7628705;4.8569254
Les Terrasses Saint Pierre;20, place des Terreaux 69001 Lyon;8,5;45.76713849999999;4.8334869
Treize et 3;16, rue Hippolyte Flandrin 69001 Lyon;9,4;45.7679975;4.8305047
Iceo;147, avenue Jean Jaurès 69007 Lyon;8,8;45.7403352;4.839273299999999
Dionysos;3, avenue Général Brosset 69006 Lyon;7,5;45.7674289;4.8572881
Miga Opéra;5 Rue Pizay 69001 Lyon;;45.7670932;4.8350538
Le Catalpa Gourmand;38, rue de l'Arbre Sec 69001 Lyon;;45.7666151;4.8373137
La Terrasse;4 Quai Victor Augagneur 69003 Lyon;;45.7616866;4.841606
Perle Caspienne;58, rue Paul Bert 69003 Lyon;;45.7567665;4.8494255
Le Pago Pago;13, quai Romain Rolland 69005 Lyon;8,1;45.7634842;4.8287415
Bistrot de la Passerelle;36, quai Saint-Antoine 69002 Lyon;7,9;45.76154770000001;4.8317091
La Mélodie du Piano;1, rue Général Plessier 69002 Lyon;8;45.7517406;4.824885000000001
Cuisine et Croix-Roussiens;2, rue de Belfort 69004 Lyon;8,7;45.7760087;4.8350436
Le Firenze;97, rue de Gerland 69007 Lyon;8,4;45.7360024;4.8397577
Le Bon Coin;15, rue Vauban 69006 Lyon;7,9;45.7649998;4.8433591
Le Rialto;14, avenue Georges Pompidou 69003 Lyon;8,8;45.7589112;4.862295700000001
Le Cabochon - Appart-Hôtels Park&Suites;111, boulevard Vivier Merle 69003 Lyon;8,5;45.7527841;4.860020899999999
Caffé Italien;3, quai Antoine Riboud 69002 Lyon;7,8;45.743025;4.816413
Le Georgette;25, quai Victor Augagneur 69003 Lyon;7,8;45.7577157;4.841053
L'ACTE 1;29, rue Molière 69006 Lyon;9,1;45.7660016;4.8427017
Brasserie Francotte;8, place des Célestins 69002 Lyon;8,9;45.75938619999999;4.8320039
Neroliva;13, rue Juliette Récamier 69006 Lyon;8,7;45.764629;4.8537034
Chez M'man;4, rue des Marronniers 69002 Lyon;9,2;45.7574443;4.8348037
Café Restaurant Du Soleil;2, rue St Georges 69005 Lyon;9;45.7592916;4.8253641
Mommessin Restaurant et Vins	;"6, rue de Sèze			
 69006 Lyon";8,5;45.7691306;4.858852
La Gargotte;15, rue Royale 69001 Lyon;8,5;45.7713787;4.8374463
En Mets Fais Ce Qu'il Te Plait;43, rue Chevreul 69007 Lyon;9,4;45.7487796;4.8397407
Le Trocadero - Gérard Duc;16, cours Vitton 69006 Lyon;8,8;45.7692347;4.8516957
Les Adrets - Jean-Luc Wesolowski;30, rue du Boeuf 69005 Lyon;7,5;45.7625625;4.8265422
Maison Villemanzy;25, montée Saint-Sébastien 69001 Lyon;;45.772243;4.8357611
Le Caveau des Gourmands;3, rue Valfenière 69001 Lyon;;45.7663928;4.832390699999999
Ban Thai;34, rue Ferrandière 69002 Lyon;;45.7620192;4.8362826
La Brasserie des Confluences;83 Cours Charlemagne 69002 Lyon;;45.742685;4.8211071
Le Passe Temps;52 Rue Tronchet 69006 Lyon;;45.7698231;4.8494861
King Marcel;31 Rue Merciere 69002 Lyon;9,1;45.7631878;4.8327905
Etna;13 Quai Perrache 69002 Lyon;8,9;45.7452043;4.8272527
Le Ferrari;162, cours du Docteur Long 69003 Lyon;8,7;45.7527294;4.8951344
Hippolyte;22 Rue Hippolyte Flandrin 69001 Lyon;9,2;45.7677905;4.8305957
Chez Marli 100% Brasil;8 Rue Rivet, Lyon, France 69001 Lyon;9;45.76978190000001;4.825501099999999
O Sidney;113, boulevard Marius Vivier Merle 69003 Lyon;8,5;45.75240549999999;4.859789699999999
L'Epicerie;2, rue de la Monnaie 69002 Lyon;8,5;45.7620319;4.8327241
Les P'tits Pères;23, rue de l'Arbre Sec 69001 Lyon;9,4;45.7668458;4.8370136
Le Comptoir du Vin;2, rue Belfort 69004 Lyon;8,8;45.7760087;4.8350436
Brasserie Georges;30, cours de Verdun 69002 Lyon;7,5;45.7492745;4.8262197
Les Retrouvailles;38, rue Boeuf 69005 Lyon;;45.7622511;4.8261631
Le Bourgogne;53-55, rue de Bourgogne 69009 Lyon;;45.7795913;4.8012238
Pique Nique en Ville;4, rue Dubois 69002 Lyon;;45.7637615;4.832760299999999
Pierre et Martine;4, rue Ferrachat 69005 Lyon;;45.7589883;4.8265082
Aux 24 Colonnes;10, rue des 3 Maries 69005 Lyon;;45.7625017;4.8281201
Raj Mahal;10, rue Saint-Jean 69005 Lyon;;45.7637893;4.8279913
Big Fernand;36 , rue Ferrandière 69002 Lyon;;45.7620187;4.8364018
Ti Amo Maria;16, rue Casimir Périer 69002 Lyon;;45.7422534;4.8209841
Le Poivron Bleu;12, rue du Professeur Weill 69006 Lyon;;45.7689421;4.8562278
Le Garet;7, rue du Garet 69001 Lyon;;45.7669552;4.8369402
Café Muller;177, avenue Thiers 69006 Lyon;;45.7668143;4.861647
Alyssaar;29, rue Bât d'Argent 69001 Lyon;;45.7663598;4.837392299999999
Chez Mounier;3, rue des Marroniers 69002 Lyon;;45.7573969;4.834919999999999
Eleven Bar Restaurant;11, avenue Sidoine Apollinaire 69009 Lyon;;45.7743726;4.7950043
La Mère Jean;5, rue des Marroniers 69005 Lyon;;45.7572234;4.8349997
L'Instant Fromage;31, rue Saint Hélène 69002 Lyon;8,2;45.7541567;4.8317629
Ponts et Passerelles;5, place du Docteur Gailleton 69002 Lyon;9,2;45.75671680000001;4.8359587
Palégrié;8, rue Palais-Grillet 69002 Lyon;8,4;45.7631299;4.8349603
Le 126;126, rue de Sèze 69006 Lyon;7,7;45.7689567;4.856635199999999
Café de la Ficelle;2, avenue du Doyenné 69005 Lyon;7,9;45.7601727;4.8261774
Best Bagels;1 Place Tobie Robatel, 69001 Lyon, France 69001 Lyon;9,1;45.76748;4.831337
La Table de Diane;31, rue Ferrandière 69002 Lyon;8,9;45.7624658;4.836663499999999
Le Silo - Ninkasi Gerland;267, rue Marcel Mérieux 69007 Lyon;8,7;45.728009;4.830593599999999
Vers le Bonheur;"13-15, rue Terme
 69001 Lyon";9,2;45.768887;4.8317331
Nulle Pierre Ailleurs;2, quai Romain Rolland 69005 Lyon;9;45.76447;4.8290419
Novotel Café Gerland;70, avenue Leclerc 69007 Lyon;8,5;45.7329934;4.8230387
La Maison Thai;85, rue Massena 69006 Lyon;8,5;45.7665634;4.8549878
La P'tite Ardoise;"12, rue Monseigneur Lavarenne			
 69005 Lyon";9,4;45.7589842;4.826678
Le Pique Assiette;4, rue de la Baleine 69005 Lyon;8,8;45.7633494;4.828573100000001
Broc' Café;2, place de l'Hôpital 69002 Lyon;7,5;45.759159;4.8358549
Appelez-moi Rose;36, rue de l'Arbre Sec 69001 Lyon;;45.7665844;4.8371586
Le Touareg;38, rue du Boeuf 69005 Lyon;;45.7622511;4.8261631
Entre-nous;30, rue de Docks 69009 Lyon;;45.7855002;4.8107391
Noboru;28 rue Henri Germain 69002 Lyon;;45.7637193;4.8347036
Café des Fédérations;10, rue du Major Martin 69001 Lyon;;45.76651529999999;4.832516
Ma Table en Italie;31 Rue Ney, 69006 Lyon, France 69006 Lyon;;45.7693647;4.8553453
La Blanche Hermine;91, cours Gambetta 69003 Lyon;;45.7514767;4.8546463
Docks 40;40 quai Rambaud  69002 Lyon;;45.7399676;4.814451099999999
La Nonna Autrement;123, rue de Sèze 69006 Lyon;;45.7690789;4.8550805
La Bohème;17, rue Hippolyte Flandrin 69001 Lyon;;45.7677455;4.8308197
Comme chez Moi;149, rue Cuvier 69006 Lyon;8,9;45.7677515;4.8542664
Minus et Compagnie;25, Rue du Chariot d'Or 69004 Lyon;9,1;45.7776298;4.8363812
L'Artiste et le Cuisinier;3, rue de Belfort 69004 Lyon;8,9;45.775972;4.8346674
La Mère Cottivet;20, rue Palais Grillet 69002 Lyon;8,1;45.762396;4.8351354
Le Bouchon des Berges;7, rue Part Dieu 69003 Lyon;7,9;45.7592958;4.841836499999999
Le Jean Moulin;22, rue Gentil 69002 Lyon;8,9;45.7649579;4.8378268
John Rosiak;14, quai Jayr 69009 Lyon;8,6;45.7791503;4.808074599999999
Daniel et Denis St Jean-La Machonnerie;36, rue Tramassac 69005 Lyon;9,2;45.7604476;4.8251824
Le Jardin de Berthe Opéra;21, rue de l'Arbre Sec 69001 Lyon;8,3;45.76676880000001;4.8367165
Brasserie des Brotteaux;1, place Jules Ferry 69006 Lyon;8,7;45.7678399;4.8588144
Mai Thai;199, rue Créqui 69003 Lyon;8,4;45.760031;4.847854799999999
Bangkok Royal;40, rue Sergent Blandan 69001 Lyon;9,1;45.768823;4.8313746
Le Pop;12 Quai Maréchal Joffre, Lyon, France 69002 Lyon;8,9;45.7518743;4.8237036
Elephant and Castle;16, Quai de Bondy 69005 Lyon;8,7;45.7660499;4.828503599999999
Miraflores - Carlos Camino;60, rue Garibaldi 69006 Lyon;9,2;45.7698581;4.850124099999999
Le Jardin d'à Côté;10, rue sergent Michel Berthet 69009 Lyon;9;45.7741581;4.8049719
Le Cabaretier;6, rue de la Fronde 69005 Lyon;8,5;45.7640523;4.8278018
La Mouss'tache;2, rue Saint Georges 69005 Lyon;8,5;45.7592916;4.8253641
Le Bistrot des Voraces;13, rue d’Austerlitz 69004 Lyon;9,4;45.7756543;4.8346482
Coréen Barbecue;10, rue Confort 69002 Lyon;8,8;45.7596001;4.8343739
Tomo;7, rue Pierre Corneille 69006 Lyon;7,5;45.76726;4.8432461
Le Bouchon Lustré;55, rue Mercière 69002 Lyon;;45.7621294;4.8331003
Les Frangins;9, rue des Marronniers 69002 Lyon;;45.7569624;4.834852
Quai 50;50, quai Paul Sédaillan 69009 Lyon;;45.7884702;4.8147151
Crêperie L'Ecume;8, rue Professeur Weill 69006 Lyon;;45.7692832;4.8559188
Il Fico;54 Rue Ney 69006 Lyon;8,3;45.767993;4.8554244
Café de Lyon;Centre Commercial Part-Dieu 69003 Lyon;5,3;45.76057300000001;4.8573049
Les Apprentis;24, rue Professeur Weill 69006 Lyon;8,7;45.7681599;4.856287399999999
Café Nova;10 rue de Saint Cyr 69009 Lyon;9,2;45.7778511;4.807336299999999
Le Poêlon d'Or;29, rue Remparts d'Ainay 69002 Lyon;9,4;45.7528525;4.8310635
Le Carnegie Hall;253, rue Marcel Mérieux 69007 Lyon;9,7;45.7286271;4.8307155
Le Fleurie;123, rue Gerland 69007 Lyon;9,1;45.73416590000001;4.8396379
Indo Café;14, rue de la Thibaudière 69007 Lyon;9,1;45.7508533;4.843975599999999
Les Chats Siamois;4, petite rue des Feuillants 69001 Lyon;8,9;45.7690767;4.8366787
Balthaz'art;7, rue des Pierres Plantées 69001 Lyon;8,7;45.7732581;4.8322734
Sushido;169, rue Cuvier 69006 Lyon;9,2;45.76798160000001;4.8559809
La Limonade de Marinette;46 Rue Saint-Georges, 69005 Lyon, France 69005 Lyon;9;45.7578158;4.8248951
Novotel Confluence;3, rue Paul Montrochet 69002 Lyon;8,5;45.74071199999999;4.8170766
Sapori e Colori;200, rue de Créqui 69003 Lyon;8,5;45.7577262;4.8480755
Brasserie le Caveau;5 place Antonin Poncet 69002 Lyon;9,4;45.7565271;4.8348565
Jasmin Garden;70, rue St Jean 69005 Lyon;8,8;45.7612704;4.8269515
Le Bouchon des Antiquaires;1, place Jules Ferry 69006 Lyon;7,5;45.7678399;4.8588144
Lyon-Dakar;227, rue Créqui 69003 Lyon;;45.7575532;4.8484338
Les Lyonnais Bouchon;1, rue Tramassac 69005 Lyon;;45.7618254;4.8262206
L'Archange;6, rue Hippolyte Flandrin 69001 Lyon;;45.7685202;4.8306418
Chez Pierre;2, rue Mazenod 69003 Lyon;;45.7583531;4.841206
Le Bistrot des Maquignons;113, grande rue de la Guillotiere 69007 Lyon;;45.751055;4.848510999999999
Chez les Garçons;5, rue Cuvier 69006 Lyon;;45.7666177;4.8420605
Bistro Régent;5-7 rue des Marronniers 69002 Lyon;;45.7570384;4.835273
Casseroles et Vieilles Gamelles;64, grande rue de la Croix-Rousse 69004 Lyon;;45.7796809;4.8324781
Recto Verso;133, rue Bugeaud 69006 Lyon;8,5;45.7671774;4.8554546
L'Atelier des Augustins;11, rue des Augustins 69001 Lyon;9,2;45.7677637;4.8309001
Chez Sylvie;30, rue Tupin 69002 Lyon;9,3;45.7628612;4.834842
Mozzato;63, rue Mercière 69002 Lyon;8,9;45.7617537;4.8331738
Wasabi;76, rue d'Anvers 69007 Lyon;8,8;45.7491539;4.841508399999999
L'Escarcelle;27, quai Saint Vincent 69001 Lyon;9,1;45.7686077;4.8230897
Chez Albert;10, Place Fernand Rey 69001 Lyon;8,9;45.7693928;4.8295525
Mon Bistrot A Moi;84, cours Vitton 69006 Lyon;8,7;45.7698409;4.8580264
Le Chalut - Hôtel Axotel;12-16, rue Marc-Antoine Petit 69002 Lyon;9,2;45.7446153;4.8260745
Franklin's Steakhouse;41, rue Franklin 69002 Lyon;9;45.7521968;4.8302097
Le Laurencin;24 Rue Saint-Jean, Lyon, France 69005 Lyon;8,5;45.7632689;4.8277961
Mamamia Pizza;69, rue de Gerland 69007 Lyon;8,5;45.7381495;4.8401366
Le Temps d'un Repas;112, rue de Saint Cyr 69009 Lyon;9,4;45.7873095;4.808714300000001
Bistrot de Saint Jean;3, place de Petit Collège 69005 Lyon;8,8;45.76358099999999;4.827748
Le Messob;85, rue Masséna 69006 Lyon;7,5;45.7665634;4.8549878
L'Hostel;2, place de l'Hôpital 69002 Lyon;;45.759159;4.8358549
Mama Africa;126 rue Sebastien Gryphe 69007 Lyon;;45.7482292;4.8390866
Le François Villon;20 Rue du Bœuf, Lyon, France 69005 Lyon;;45.7628163;4.8268315
Ze Zanzibar;96 Rue Pierre Corneille 69003 Lyon;;45.7616867;4.8440429
Bistrot Charcot;102, rue du Commandant Charcot 69005 Lyon;;45.7498459;4.7958405
Le Boucan Canot;2, rue de la Loge 69005 Lyon;;45.7647165;4.8277893
La Conciergerie;12, quai Pierre Scize 69009 Lyon;;45.767394;4.8135749
G. Restaurant;4, rue René Leynaud 69001 Lyon;;45.7694683;4.832226599999999
Brasserie aux 9 Triomphes;4, route de Vienne 69007 Lyon;;45.7448387;4.849042
Le Petit Bedon;14 Rue Palais Grillet 69002 Lyon;;45.7626316;4.835017199999999
Le Swit;128, rue Baraban 69003 Lyon;8;45.7571303;4.867303499999999
Le Jardin de Berthe Ainay;3, rue de Fleurieu 69002 Lyon;8,4;45.7532319;4.8319936
"Ristretto by ""Red Café""""""";3, place Gailleton 69002 Lyon;8,6;45.75349010000001;4.8335245
Le Ferrari;162 Cours Docteur Long 69003 Lyon;8,1;45.7527294;4.8951344
L'Authentique Steack House;38, rue de l'Arbre Sec 69001 Lyon;8,3;45.7666151;4.8373137
Don Vito;154, avenue des Frères Lumière 69008 Lyon;8,7;45.7434951;4.8721628
Les Ventres Jaunes;2 Place Neuve Saint-Jean 69005 Lyon;7,2;45.7626015;4.8271762
à KGB;2, rue des Bons Enfants 69007 Lyon;7,2;45.7439038;4.8382466
Devdas Tandoori;10 Rue Terme 69001 Lyon;9,1;45.7686196;4.8315391
Evidence;95, cours du Docteur Long 69003 Lyon;8,9;45.75075770000001;4.8877814
